Lat,Long,pref_name_for_society,soc_id,Community marriage organization_numeric,Cousin marriages permitted_numeric,Cousin marriages permitted: subtypes_numeric,Cousin marriages preferred_numeric,Cousin marriages preferred: subtypes_numeric,Domestic organization_numeric,Marital composition: monogamy and polygamy_numeric,Marital residence with kin: alternate_numeric,Marital residence with kin: change after first years_numeric,Marital residence with kin: first years_numeric,Marital residence with kin: prevailing pattern_numeric,Organization of clan communities_numeric,Transactions at marriage: alternate type_numeric,Transactions at marriage: prevailing type_numeric,Transfer of residence at marriage: alternate_numeric,Transfer of residence at marriage: prevailing pattern_numeric,AnnualMeanTemperature,MonthlyMeanPrecipitation
-55.02,-68.98,Yahgan,Sg1,3,5,2,7,4,2,0,6,1,11,11,2,5,0,2,3,4.040226215,106173.9762
-54.0,-69.0,Ona,Sg3,3,5,2,7,4,2,0,5,1,11,11,2,4,4,0,3,3.673220667,99406.99295
-52.0,-74.0,Alacaluf,Sg5,0,0,4,7,4,2,0,5,0,10,2,2,4,4,2,0,5.833742621,135790.8889
-46.0,-70.0,Tehuelche,Sg4,0,0,4,7,4,7,0,6,1,11,11,2,1,3,2,3,5.156872632,51252.80265
-39.0,-68.0,Mapuche,Sg2,4,3,7,14,3,7,4,5,1,8,8,2,4,1,0,3,10.33971376,41571.08374
-38.41,176.31,Māori,Ij2,5,6,3,8,5,7,3,6,1,11,11,2,4,4,2,3,13.14841997,122920.8134
-32.89,27.91,Xhosa Ngqika,Ab11,0,4,1,7,4,6,4,6,1,8,8,2,4,1,2,3,17.09562177,96541.61735
-32.0,146.0,Ngiyambaa,Id9,1,9,5,9,5,2,0,6,1,8,8,0,4,6,2,3,17.07333772,62328.90153
-31.0,30.0,Pondo Xhosa,Ab10,3,4,1,7,4,7,4,6,1,8,8,2,4,1,2,3,19.17895521,128040.8127
-29.0,-61.0,Abipón,Sh3,0,5,2,7,4,2,0,6,0,10,7,2,4,1,2,0,20.46935368,84031.72179
-29.0,28.0,Sotho,Ab8,0,0,4,1,0,6,4,6,0,10,8,2,4,1,2,3,10.67785505,124839.5988
-29.0,31.0,Zulu,Ab12,1,5,2,7,4,7,4,6,1,8,8,0,4,1,2,3,16.45028857,165893.6429
-28.0,-50.0,Aweikoma,Sj3,2,0,4,7,4,5,3,6,1,2,2,2,4,4,2,0,17.03586013,137273.047
-28.0,138.0,Diyari,Id4,3,9,5,9,5,6,5,6,1,11,11,2,4,6,2,3,20.76912149,39534.38844
-27.0,32.0,Swazi,Ab2,1,1,0,7,4,0,6,5,1,8,8,1,4,1,0,3,17.88512326,155132.0623
-26.0,18.0,Nama,Aa3,1,1,0,7,4,2,0,6,0,10,8,0,1,3,2,3,20.43585493,39669.85532
-25.0,-60.0,Toba,Sh8,0,6,3,7,4,7,0,6,1,2,2,2,4,4,2,0,23.352928,93083.45966
-25.0,30.0,Pedi,Ab15,1,3,7,14,3,6,4,6,0,10,8,0,4,1,2,3,14.54028018,92810.08738
-25.0,34.0,Lenge,Ab16,1,6,3,7,4,7,4,6,1,8,8,0,4,1,2,3,23.75917944,86587.83452
-25.0,46.0,Antandroy,Eh7,2,6,3,7,4,6,4,9,1,8,8,2,4,1,1,3,23.08511895,62507.12508
-24.0,-63.0,Wichí,Sh1,3,4,1,7,4,7,0,10,0,10,0,2,4,0,4,0,20.6013233,109904.987
-24.0,27.0,Tswana,Ab13,5,0,4,1,0,5,6,6,0,10,8,2,4,1,2,3,18.42354332,78320.73565
-24.0,31.0,Lovedu,Ab14,1,1,0,4,3,6,4,6,1,8,8,0,4,1,2,3,17.61973153,99002.3787
-24.0,32.0,Tsonga,Ab4,1,6,3,7,4,0,6,6,1,8,8,0,4,1,2,3,20.19768344,102638.1489
-24.0,134.0,Northern Aranda,Id1,1,9,5,9,5,6,5,6,1,8,8,0,4,2,2,3,20.83198003,60614.8122
-23.68,-46.64,Brazilians,Cf4,0,4,1,7,4,3,1,10,1,7,7,2,4,4,4,0,19.70871739,125962.7653
-23.12,-134.97,Mangarevans,Ij7,0,6,3,7,4,2,0,9,1,1,1,2,4,4,1,0,23.3914467,155734.4418
-23.0,30.0,Venda,Ab6,5,1,0,4,3,0,6,6,1,8,8,2,4,1,2,3,19.08799218,78645.35105
-22.9,47.75,Antaisaka,Eh9,1,4,1,7,4,7,4,6,1,8,8,1,0,5,2,3,20.8848302,107274.7257
-22.0,-62.0,Choroti,Sh5,3,4,1,7,4,3,1,6,1,10,10,2,4,0,2,1,25.00054367,84072.86618
-22.0,16.0,Bergdama,Aa4,3,0,4,7,4,5,6,9,0,10,1,2,4,0,1,0,22.66307586,42805.12609
-22.0,47.0,Betsileo,Eh10,0,5,2,7,4,7,3,6,1,8,8,2,4,5,2,3,21.07518464,95639.95205
-22.0,47.0,Tanala,Eh3,4,1,0,3,0,7,4,6,1,8,8,2,4,5,2,3,21.07518464,95639.95205
-22.0,132.0,Walbiri,Id10,0,5,2,7,4,6,5,6,1,8,8,2,4,5,2,3,22.31397715,68758.59449
-21.93,-157.91,Mangaians,Ij1,3,5,2,7,4,7,5,9,1,1,1,2,4,4,1,0,23.75169406,121771.9855
-21.0,-58.0,Terena,Sh2,2,4,1,7,4,0,0,5,0,10,2,2,4,4,2,0,26.41677012,97221.60822
-21.0,16.0,Herero,Ab1,3,1,0,5,2,7,4,3,1,11,11,2,4,1,2,3,21.9947192,52226.41738
-21.0,43.93,Sakalava,Eh8,1,4,1,7,4,0,4,6,1,8,8,0,4,4,2,3,25.64419991,64203.6911
-21.0,118.0,Kariyarra,Id5,1,1,0,3,0,6,5,6,1,8,8,0,4,6,2,3,25.6077913,70442.92486
-20.94,167.23,Lifu,Ih7,1,5,2,7,4,0,4,6,1,8,8,0,0,1,2,3,23.99519318,106659.6467
-20.0,-63.0,Guaraní,Sh7,0,0,4,7,4,7,0,5,0,10,11,2,4,0,0,3,18.90192409,139787.8055
-20.0,21.0,!Kung,Aa1,3,5,2,7,4,7,0,6,0,10,2,2,4,0,2,0,21.03514971,87000.00141
-20.0,24.0,Naron,Aa7,3,4,1,7,4,2,0,9,0,2,1,2,4,5,1,0,21.93601527,82529.79572
-20.0,28.0,Ndebele,Ab9,0,5,2,7,4,6,4,6,1,8,8,2,4,1,2,3,19.91998232,81720.68357
-20.0,34.0,Ndau,Ab17,1,4,1,7,4,6,4,6,1,8,8,0,4,1,2,3,23.36566077,94587.40701
-19.74,-175.07,Tongans,Ii12,5,4,1,7,4,2,0,3,1,11,11,2,4,4,2,3,24.75069207,133436.2433
-19.6,169.44,Tannese,Ih10,1,1,0,3,0,2,0,6,1,8,8,0,4,1,2,3,24.62106067,115889.451
-19.05,-169.86,Niueans,Ii9,5,6,3,7,4,2,0,9,1,1,1,2,4,4,1,0,24.96269324,136966.3834
-19.0,31.0,Shona,Ab18,1,4,1,7,4,5,6,9,1,8,8,0,4,1,1,3,18.61544463,80000.56697
-19.0,46.0,Merina,Eh2,0,1,0,7,4,2,0,6,1,11,11,2,4,5,2,3,22.06742271,109438.7004
-18.85,169.16,Eromangans,Ih12,1,4,1,7,4,2,0,6,1,8,8,0,4,1,2,3,25.05172849,128099.7419
-18.0,-63.0,Camba,Se7,0,4,1,7,4,3,1,0,1,7,7,2,4,4,2,0,21.28437226,106658.3205
-18.0,28.0,Plateau Tonga,Ac30,0,1,0,7,4,7,4,5,0,10,4,2,4,1,0,3,22.13777711,81029.97103
-17.81,178.32,Vanua Levu,Ih8,5,6,3,7,4,7,0,9,1,8,8,2,4,3,1,3,25.37761696,160464.9687
-17.74,-179.31,Lau,Ih4,1,1,0,3,0,7,5,9,0,9,8,0,4,3,1,3,25.60874294,161981.0707
-17.71,-149.54,Tahitians,Ij8,0,4,1,7,4,2,0,6,1,2,2,2,4,4,2,0,25.81358677,166663.0502
-16.51,167.47,Seniang,Ih2,1,5,2,7,4,6,5,6,1,8,8,0,4,1,2,3,25.77610232,153148.5798
-16.18,168.15,Ranon,Ih13,5,9,5,7,4,2,0,6,1,8,8,2,4,6,2,3,25.92224785,166800.8324
-16.0,-69.0,Aymara,Sf2,2,4,1,7,4,0,1,6,1,8,8,2,4,4,2,3,4.154832433,189913.4688
-16.0,-64.0,Sirionó,Se1,5,3,7,14,3,0,5,6,1,10,10,2,4,4,2,1,24.67523268,96769.30249
-16.0,-55.0,Bororo,Si1,5,1,0,7,4,7,0,6,1,6,6,2,4,4,2,1,25.32558359,119592.9573
-16.0,27.0,Ila,Ac1,0,8,7,13,2,7,4,3,1,11,11,2,4,1,2,3,20.83001114,95912.51318
-16.0,36.0,Nyanja,Ac38,0,1,0,3,0,6,4,3,1,6,6,2,4,0,4,1,21.83679231,109055.1184
-15.95,168.22,Bunlap,Ih3,5,5,2,7,4,2,0,6,1,8,8,2,1,6,2,3,26.11133744,173785.6256
-15.0,14.0,Nyaneka,Ab7,1,1,0,7,4,7,4,6,0,11,5,0,4,1,2,3,23.2363888,101434.1036
-15.0,23.0,Lozi,Ab3,0,5,2,7,4,6,4,3,0,10,11,2,0,5,2,3,21.27145619,116187.8667
-15.0,31.0,Lala,Ac33,1,3,7,7,4,2,0,5,0,10,5,0,4,0,0,3,22.17693623,98433.33314
-15.0,32.0,Kunda,Ac37,0,1,0,3,0,6,4,6,0,10,3,2,4,0,2,0,22.43519838,94550.6378
-15.0,39.0,Makua,Ac42,5,1,0,3,0,7,4,6,1,3,3,2,4,0,2,0,22.43630099,112793.8933
-15.0,142.0,Yir Yoront,Id12,1,3,7,7,4,2,0,6,0,10,8,0,4,4,2,3,26.43099299,121649.3613
-14.0,-55.0,Bacairi,Si3,2,1,0,7,4,7,0,5,0,10,11,2,4,4,0,3,24.55447598,122925.943
-14.0,-52.0,Shavante,Sj11,0,4,1,7,4,7,5,6,1,10,10,2,4,0,2,1,25.06905708,117029.9764
-14.0,33.0,Chewa,Ac10,5,1,0,3,0,6,4,9,0,10,5,2,5,0,1,3,19.1377746,106646.6804
-14.0,142.0,Wikmunkan,Id6,1,3,7,14,3,6,5,6,1,8,8,0,4,2,2,3,26.48136682,130566.8183
-13.99,136.6,Anindilyagwa,Id13,1,6,3,8,5,6,5,6,0,10,8,0,4,4,2,3,26.31772881,139930.5019
-13.94,-171.77,Upolu Samoans,Ii14,5,5,2,7,4,0,0,9,1,1,1,2,4,3,1,0,26.98850408,219723.2625
-13.84,167.7,Mota,Ih1,5,4,1,7,4,6,5,6,1,5,5,2,4,1,2,3,26.85713696,204076.6698
-13.68,-172.41,American Samoans,Ii1,5,5,2,7,4,0,0,6,1,2,2,2,4,3,2,0,26.9979571,219886.7781
-13.0,-72.0,Inca,Sf1,2,0,4,7,4,3,1,5,1,11,11,2,4,4,0,3,7.081621441,371996.3531
-13.0,-54.0,Kuikuru,Si10,0,1,0,7,4,2,0,6,0,10,11,2,4,4,2,3,24.4736998,127652.1465
-13.0,23.0,Luchazi,Ac27,1,1,0,7,4,6,4,6,1,5,5,0,4,5,2,3,20.77089977,137611.0831
-13.0,26.0,Kaonde,Ac32,3,1,0,4,3,6,4,10,0,10,5,2,0,5,2,3,18.5679854,130320.2093
-13.0,28.0,Lamba,Ac5,0,1,0,4,3,2,0,9,0,10,3,2,5,0,1,0,17.72439901,123074.0292
-13.0,35.0,Nyasa,Ac39,3,10,6,10,0,7,4,3,1,6,6,2,5,0,4,1,19.57464033,107451.9699
-13.0,36.0,Yao,Ac7,5,1,0,5,2,0,0,3,1,6,6,2,4,4,4,1,19.97813924,108716.7287
-12.5,177.07,Rotumans,Ih6,5,6,3,7,4,3,1,3,1,6,6,2,4,4,4,1,27.21851404,235717.0652
-12.48,135.96,"Yolngu, Dhuwal",Id2,1,3,7,14,3,6,5,6,0,10,8,0,4,0,2,3,26.16256588,153642.8373
-12.29,134.32,Gidjingali,Id11,0,9,5,9,5,5,3,6,1,8,8,2,4,6,2,3,26.26475348,153910.2034
-12.29,168.83,Tikopia,Ii2,0,6,3,7,4,6,4,6,1,8,8,2,4,3,2,3,27.23534904,239613.6026
-12.0,-67.0,Chácobo,Se11,0,1,0,3,0,2,0,6,0,10,11,2,4,4,2,3,26.42773728,97157.61484
-12.0,-59.0,Nambikwara,Si4,0,1,0,3,0,2,0,9,1,1,1,2,4,4,1,0,23.76828312,127167.8487
-12.0,-54.0,Kamayurá,Si5,0,1,0,3,0,0,0,6,0,10,11,2,4,0,2,3,24.49750805,133138.7656
-12.0,-53.0,Trumai,Si2,0,1,0,3,0,0,0,6,1,11,11,2,4,5,2,3,24.89278821,132862.0059
-12.0,-50.0,Carajá,Sj1,2,0,4,7,4,7,0,5,1,10,10,2,4,4,0,1,25.64519515,128319.746
-12.0,16.0,Mbundu,Ab5,1,1,0,4,3,6,4,3,1,8,8,1,4,1,2,3,17.78917906,122622.7043
-12.0,18.0,Luimbe,Ac28,3,1,0,3,0,6,4,6,1,4,4,2,4,1,2,3,18.32656517,132495.1568
-12.0,22.0,Luvale,Ac11,1,1,0,3,0,7,4,10,1,5,5,0,4,5,2,3,20.2280438,140786.9519
-12.0,33.0,Ngoni,Ac9,0,1,0,7,4,6,4,9,1,1,1,2,4,5,1,0,19.35548731,108967.7416
-12.0,34.0,Tonga,Ac13,5,1,0,4,3,2,0,10,1,5,5,2,4,1,2,3,19.1714263,108738.2752
-12.0,34.0,Tumbuka,Ac36,3,1,0,3,0,5,6,6,1,8,8,2,4,1,2,3,19.1714263,108738.2752
-11.56,130.81,Tiwi,Id3,0,6,3,8,5,7,3,9,1,1,1,2,0,1,1,0,27.17184309,150408.199
-11.36,154.14,Rossel Islanders,Ig11,0,4,1,7,4,2,0,9,1,1,1,2,4,1,1,0,26.85898263,180682.6589
-11.0,-52.0,Tapirapé,Sd2,2,4,1,7,4,0,1,6,1,10,10,2,4,4,2,1,25.05868119,146834.6019
-11.0,26.0,Ndembu,Ac6,1,1,0,3,0,6,4,10,0,10,5,0,4,5,2,3,18.27702447,146959.5601
-11.0,31.0,Bemba,Ac3,0,1,0,3,0,5,6,10,0,10,3,2,5,0,4,0,17.73388941,121032.2311
-11.0,40.0,Makonde,Ac41,5,1,0,3,0,7,4,6,1,5,5,2,5,0,2,3,24.34536594,117047.6186
-10.89,-165.84,Pukapukans,Ii3,5,5,2,7,4,3,1,6,1,8,8,2,4,3,2,3,27.52265734,239561.2846
-10.73,165.85,Santa Cruz Islanders,Ih9,0,1,0,7,4,7,0,5,1,11,11,2,4,1,0,3,27.45163531,262009.351
-10.41,149.91,Dahuni,Ig14,0,4,1,7,4,0,0,6,1,4,4,2,4,3,2,3,25.53606853,174584.5045
-10.0,-72.0,Amahuaca,Se8,3,1,0,3,0,1,0,5,1,11,11,2,6,0,0,3,24.64855453,109889.2274
-10.0,21.0,Chokwe,Ac12,1,1,0,4,3,2,0,6,1,5,5,0,4,5,2,3,20.4995579,130821.0527
-10.0,29.0,Luapula,Ac34,0,1,0,3,0,2,0,5,0,10,5,2,5,0,0,3,19.23466209,141280.5774
-10.0,32.0,Iwa,Ad15,1,1,0,3,0,6,4,6,1,8,8,0,0,1,2,3,17.78161791,117924.0096
-10.0,34.0,Ngonde,Ad16,3,4,1,7,4,5,6,6,1,7,7,2,4,1,2,0,17.86562429,112488.8789
-10.0,120.0,Sumbanese,Ic9,1,3,7,14,3,1,0,6,1,8,8,0,4,3,2,3,26.8330242,155183.4945
-10.0,151.0,Dobuans,Ig5,1,4,1,7,4,3,1,6,1,3,3,0,4,3,2,0,26.15045067,186946.1107
-9.91,144.06,Miriam,Ie14,1,5,2,7,4,2,0,6,1,8,8,0,4,6,2,3,26.68793992,143255.6947
-9.63,161.44,Ulawans,Ig6,5,4,1,7,4,2,0,6,1,11,11,2,4,1,2,3,27.33536157,275106.3643
-9.49,159.82,Kaoka,Ig20,5,4,1,7,4,3,1,10,0,11,5,2,4,1,2,3,27.3903716,278247.0504
-9.2,-171.85,Tokelau,Ii6,5,5,2,7,4,0,0,10,1,0,0,2,4,4,4,0,27.63272269,282599.9414
-9.0,-48.0,Sherente,Sj2,5,8,7,7,4,2,0,6,0,10,8,2,4,4,2,3,26.01899225,175512.836
-9.0,34.0,Nyakyusa,Ad6,0,5,2,7,4,6,4,6,1,7,7,2,4,1,2,0,17.8583016,108215.3335
-9.0,36.0,Bena,Ad11,0,1,0,7,4,6,4,9,0,10,7,2,0,1,1,0,18.96882822,118308.9737
-9.0,126.0,Belu,Ic3,5,3,7,14,3,0,3,6,1,6,6,2,4,1,2,1,26.34576398,152808.9839
-9.0,142.0,Keraki,Ie5,1,4,1,7,4,5,3,6,1,8,8,0,4,6,2,3,26.5888115,156481.658
-9.0,143.0,Kiwai,Ie13,5,6,3,7,4,0,0,6,1,8,8,2,4,6,2,3,26.13073362,163223.4004
-9.0,147.0,Koita,Ie20,0,5,2,7,4,2,0,6,1,8,8,2,4,1,2,3,25.24328982,166767.402
-9.0,147.0,Mekeo,Ie22,5,4,1,7,4,7,3,6,1,8,8,2,4,1,2,3,25.24328982,166767.402
-9.0,148.0,Koiari,Ie24,5,4,1,7,4,5,3,6,1,8,8,2,4,1,2,3,23.70409933,185681.3916
-9.0,148.0,Orokaiva,Ie9,5,1,0,7,4,2,0,6,1,8,8,2,4,1,2,3,23.70409933,185681.3916
-9.0,161.0,Kwaio,Ig18,0,4,1,7,4,2,0,9,1,8,8,2,4,1,1,3,27.39122825,283247.1737
-8.9,-140.08,Marquesans,Ij3,0,1,0,3,0,4,2,5,0,10,11,2,4,4,0,3,26.81320394,154798.1428
-8.63,117.27,Sumbawanese,Ic12,0,0,4,7,4,3,1,6,0,10,7,2,4,4,2,0,26.79155635,186978.2132
-8.43,151.09,Trobriands,Ig2,5,7,0,7,4,2,0,10,1,5,5,2,4,3,2,3,26.78779604,223167.9529
-8.33,122.85,Ili-Mandiri,Ic7,5,1,0,4,3,7,0,9,1,8,8,2,6,1,1,3,26.94255394,168017.2198
-8.22,124.26,Alorese,Ic2,3,5,2,7,4,2,0,9,1,1,1,2,2,1,1,0,26.78128071,167525.4379
-8.19,130.96,Tanimbarese,Ic6,0,1,0,4,3,7,0,6,0,10,8,2,0,1,2,3,26.69914907,150532.625
-8.18,115.02,Balinese,Ib3,5,0,4,0,1,7,0,9,1,8,8,2,4,5,1,3,26.41940688,183963.9894
-8.0,-75.0,Asháninka,Sf7,0,0,4,7,4,5,3,9,1,1,1,2,4,4,1,0,22.49863094,119770.554
-8.0,-52.0,Kayapo,Sj9,2,4,1,7,4,3,1,6,1,10,10,2,4,4,2,1,23.71749573,202287.5796
-8.0,-35.0,Tupinambá,Sj8,0,1,0,3,0,0,4,10,0,10,0,2,4,0,4,0,23.79291324,129478.1345
-8.0,26.0,Luba,Ae6,0,4,1,7,4,6,4,6,1,8,8,2,4,1,2,3,21.58774345,154861.6328
-8.0,35.0,Hehe,Ad8,1,1,0,4,3,7,3,5,1,8,8,0,4,1,0,3,18.04507859,106154.3638
-8.0,38.0,Luguru,Ad14,5,1,0,4,3,2,0,3,1,6,6,2,0,1,4,1,23.71426423,110656.0901
-8.0,139.0,Marind-Amin,Ie19,5,4,1,7,4,3,1,7,1,9,9,2,4,6,4,2,26.34424978,165555.7609
-8.0,147.0,Mafulu,Ie25,5,4,1,7,4,5,3,6,0,2,8,2,4,1,2,3,23.98613873,193575.5796
-8.0,157.0,Simboese,Ig8,5,5,2,7,4,2,0,6,0,10,2,2,4,1,2,0,27.45330641,285198.0807
-7.82,145.31,Elema,Ie39,0,4,1,7,4,2,0,6,1,8,8,2,4,1,2,3,24.67037568,266412.6964
-7.52,138.46,Kimam,Ie18,5,5,2,7,4,7,0,9,1,1,1,2,1,6,1,0,26.76124256,167735.4739
-7.48,178.68,Ellice,Ii4,5,4,1,7,4,7,0,9,1,1,1,2,4,3,1,0,27.69700265,322419.2605
-7.0,-45.0,Canela,Sj4,5,4,1,7,4,7,1,6,1,6,6,2,4,0,2,1,25.34380107,230093.1122
-7.0,15.0,Bakongo,Ac14,1,1,0,7,4,2,0,6,1,5,5,0,4,1,2,3,22.15157376,104336.349
-7.0,19.0,Luwa,Ac29,3,3,7,7,4,7,4,10,1,5,5,2,4,1,2,3,21.49476174,137780.0357
-7.0,36.0,Gogo,Ad24,1,1,0,4,3,7,4,5,1,8,8,0,4,1,0,3,19.45864995,105667.1297
-7.0,39.0,Kwere,Ad27,5,1,0,7,4,6,4,6,1,6,6,2,0,1,2,1,24.29898087,111772.7702
-7.0,110.0,Javanese,Ib2,0,10,6,7,4,2,0,6,0,10,7,2,5,4,2,0,25.33792234,192692.9059
-7.0,145.0,Purari,Ie8,5,5,2,7,4,5,3,6,1,8,8,2,4,1,2,3,20.94750639,339310.6342
-6.69,147.26,Busama,Ie28,5,4,1,7,4,2,0,6,1,11,11,2,4,6,2,3,21.22291932,302765.5696
-6.69,156.52,Choiseulese,Ig12,5,4,1,7,4,2,0,9,1,1,1,2,4,1,1,0,27.36739099,299823.3941
-6.15,146.53,Wantoat,Ie2,1,1,0,3,0,6,4,6,1,8,8,0,4,6,2,3,19.89060032,330001.8243
-6.0,-58.0,Munduruku,Sd1,0,1,0,3,0,0,0,10,1,0,0,2,4,0,4,0,24.75392663,185573.4526
-6.0,-49.0,Apinaye,Sj7,5,9,5,7,4,0,1,6,1,6,6,2,4,5,2,1,24.65177344,245754.4685
-6.0,18.0,Suku,Ac17,0,1,0,5,2,6,4,3,1,11,11,2,4,1,2,3,21.4750628,138862.8088
-6.0,20.0,Pende,Ac2,1,8,7,13,2,6,4,10,0,11,5,1,4,5,2,3,22.38180871,158401.2746
-6.0,25.0,Songye,Ae18,0,4,1,7,4,6,4,6,1,8,8,2,4,1,2,3,22.69037962,164000.6811
-6.0,37.0,Kaguru,Ad50,5,6,3,7,4,2,0,2,1,6,6,2,0,1,4,1,20.30485763,99675.63239
-6.0,38.0,Ngulu,Ad51,5,4,1,7,4,2,0,0,0,10,5,2,0,5,0,3,21.11174104,118774.4473
-6.0,141.0,Muju,Ie23,1,4,1,7,4,7,0,6,1,8,8,0,4,1,2,3,24.30955013,347725.9395
-6.0,143.0,Kutubu,Ie16,0,4,1,7,4,0,3,7,1,9,9,2,4,1,4,2,21.47377421,378359.4109
-6.0,144.0,Enga,Ie7,1,4,1,7,4,2,0,9,1,8,8,1,4,1,1,3,19.78360219,349730.5802
-6.0,144.0,Kakoli,Ie11,1,9,5,7,4,1,0,6,1,8,8,0,1,3,2,3,19.78360219,349730.5802
-6.0,145.0,Fore,Ie31,1,1,0,3,0,6,4,6,1,8,8,1,4,1,2,3,19.12116942,327433.5795
-6.0,146.0,Ngarawapum,Ie26,5,9,5,9,5,2,0,6,1,8,8,2,1,6,2,3,19.46269556,325294.9732
-6.0,155.0,Siuai,Ig1,5,1,0,4,3,2,0,9,0,11,5,2,4,1,1,3,27.2755619,287982.4128
-5.6,154.91,Kurtatchi,Ig3,3,5,2,7,4,5,6,6,1,2,2,2,4,1,2,0,27.22248566,280132.8361
-5.5,150.81,Lakalai,Ig7,5,1,0,3,0,7,5,5,0,11,4,2,6,1,0,3,26.31794526,271024.8361
-5.48,159.7,Ontong Java,Ii5,0,5,2,7,4,0,0,10,1,0,0,2,4,4,4,0,27.71855346,272187.6992
-5.31,119.69,Macassarese,Ic1,5,0,4,7,4,2,0,5,1,2,2,2,4,1,2,0,27.15184344,157292.3994
-5.0,13.0,Yombe,Ac8,1,4,1,7,4,6,4,6,1,5,5,0,4,1,2,3,24.517755,131393.6591
-5.0,18.0,Mbala,Ac15,1,10,6,10,0,6,4,10,1,5,5,0,4,1,2,3,22.34250698,151544.1363
-5.0,18.0,Songo,Ac25,3,10,6,10,0,6,4,10,1,5,5,2,4,1,2,3,22.34250698,151544.1363
-5.0,19.0,Bunda,Ac21,1,1,0,3,0,6,4,6,1,5,5,0,4,1,2,3,22.74003539,158147.7933
-5.0,21.0,Lele,Ac23,0,4,1,7,4,6,4,5,0,11,5,2,4,1,0,3,22.69386099,171380.6937
-5.0,22.0,Kuba,Ac4,5,5,2,7,4,7,0,6,0,11,5,2,4,1,2,3,22.54260913,172282.7628
-5.0,30.0,Ha,Ae14,1,1,0,7,4,7,4,6,1,8,8,0,4,1,2,3,20.64102269,135040.0948
-5.0,33.0,Nyamwezi,Ad20,3,5,2,7,4,6,4,3,0,10,11,2,4,1,2,3,21.0289127,106582.384
-5.0,34.0,Turu,Ad26,1,4,1,7,4,7,4,6,1,8,8,0,4,1,2,3,20.18565869,98278.9018
-5.0,35.0,Tatoga,Aj28,3,4,1,7,4,6,4,6,1,8,8,2,0,1,2,3,18.81596701,92834.81079
-5.0,36.0,Sandawe,Aa6,1,3,7,14,3,2,0,6,0,2,8,0,4,1,2,3,18.1173012,89122.08238
-5.0,38.0,Shambaa,Ad10,1,4,1,7,4,6,4,6,1,8,8,0,4,1,2,3,19.71290072,107772.9768
-5.0,141.0,Star Mountain,Ie37,0,4,1,7,4,2,0,6,1,8,8,2,4,1,2,3,20.35417559,446397.3059
-4.56,144.34,Banaro,Ie27,5,1,0,7,4,3,1,6,1,8,8,2,4,6,2,3,21.84328563,334433.5666
-4.08,145.03,Manam,Ie29,5,4,1,7,4,2,0,5,1,8,8,2,4,4,0,3,25.02548194,312181.4327
-4.0,18.0,Yanzi,Ac26,0,4,1,7,4,6,4,10,1,5,5,2,4,1,2,3,23.05040736,165353.3586
-4.0,20.0,Dzing,Ac22,3,4,1,7,4,6,4,10,1,5,5,2,4,1,2,3,22.95962107,175745.3144
-4.0,22.0,Kutsu,Ae22,0,4,1,7,4,7,4,6,1,8,8,2,4,1,2,3,22.58297414,178328.7772
-4.0,25.0,Tetela,Ae25,1,4,1,7,4,6,4,6,1,8,8,0,4,1,2,3,22.59559738,180736.6547
-4.0,26.0,Songola,Ae11,1,5,2,7,4,6,4,6,1,8,8,0,4,1,2,3,22.24259201,182470.4682
-4.0,36.0,Mbugwe,Ad5,0,4,1,7,4,7,1,6,1,8,8,2,4,1,2,3,18.43543188,78976.34522
-4.0,39.0,Digo,Ad30,5,4,1,7,4,6,4,9,1,8,8,2,4,1,1,3,22.78186938,96037.25706
-4.0,39.0,Duruma,Ad31,5,4,1,7,4,0,0,6,1,8,8,2,4,1,2,3,22.78186938,96037.25706
-4.0,136.0,Mee,Ie1,1,6,3,8,5,7,3,6,1,8,8,0,4,1,2,3,23.97443365,330068.1364
-4.0,139.0,Dani,Ie38,0,1,0,7,4,6,4,5,1,11,11,2,1,3,0,3,19.91134083,365403.9826
-4.0,142.0,Kwoma,Ie12,1,6,3,7,4,5,3,6,1,8,8,1,4,1,2,3,20.24847439,383459.4102
-4.0,143.0,Iatmul,Ie35,5,1,0,4,3,0,3,6,1,8,8,2,4,1,2,3,20.92175863,365849.962
-4.0,144.0,Arapesh,Ie3,5,4,1,7,4,5,3,6,1,8,8,2,4,4,2,3,22.55812202,339319.0386
-3.79,143.09,Abelam,Ie15,5,4,1,7,4,2,0,6,1,8,8,2,6,1,2,3,23.26429204,335699.107
-3.71,128.18,Ambonese,Ic11,5,5,2,7,4,3,1,5,1,11,11,2,4,1,0,3,26.60477241,179431.4549
-3.38,153.31,Tangu,Ig21,1,1,0,3,0,2,0,6,1,5,5,1,6,1,2,3,27.49503529,219306.9395
-3.24,144.1,Wogeo,Ie4,4,6,3,7,4,5,3,6,1,8,8,2,4,3,2,3,26.74721067,287703.774
-3.06,151.66,Lesu,Ig4,5,6,3,7,4,2,0,6,1,6,6,2,4,1,2,1,27.52340448,221072.1203
-3.0,-78.0,Shuar,Se3,0,1,0,3,0,5,3,6,0,10,7,2,4,0,2,0,20.98180557,118612.3793
-3.0,-72.0,Yagua,Se4,1,4,1,7,4,3,1,6,0,10,8,0,4,0,2,3,24.56758894,186218.6604
-3.0,-70.0,Ticuna,Se2,1,1,0,7,4,2,0,9,0,10,8,0,4,6,1,3,24.57226547,190178.3765
-3.0,-46.0,Tenetehara,Sj6,2,4,1,7,4,0,0,6,1,10,10,2,4,0,2,1,24.52469856,210219.2259
-3.0,18.0,Sakata,Ac24,1,4,1,7,4,6,4,10,1,5,5,0,4,1,2,3,23.38122489,176269.015
-3.0,23.0,Kela,Ae21,1,4,1,7,4,7,6,6,1,8,8,0,4,1,2,3,22.31036265,187141.2796
-3.0,28.0,Rega,Ae17,0,4,1,7,4,6,4,6,1,8,8,2,4,1,2,3,19.42356247,193073.3166
-3.0,30.0,Kiga,Ad13,1,3,7,14,3,0,4,6,1,8,8,0,4,1,2,3,16.5840068,156813.9814
-3.0,30.0,Rundi,Ae8,5,1,0,3,0,6,4,5,1,8,8,2,4,5,0,3,16.5840068,156813.9814
-3.0,34.0,Sukuma,Ad22,0,5,2,7,4,6,4,3,0,10,11,2,4,1,2,3,20.38207686,100790.1009
-3.0,36.0,Sonjo,Ad39,5,4,1,7,4,2,0,6,1,8,8,2,4,1,2,3,18.93683164,73136.74629
-3.0,37.0,Chagga,Ad3,1,5,2,7,4,6,4,5,1,8,8,0,4,1,0,3,19.05085088,69841.81211
-3.0,40.0,Giriama,Ad32,3,4,1,7,4,0,4,6,1,8,8,2,4,1,2,3,25.38725483,77809.33547
-3.0,140.0,Samarokena,Ie36,0,5,2,7,4,2,0,6,1,8,8,2,4,6,2,3,22.51873555,362326.831
-2.93,100.23,Mentaweians,Ib7,5,10,6,7,4,3,1,9,1,1,1,2,4,0,1,0,26.9461788,159303.612
-2.14,137.23,Waropen,Ie6,5,3,7,14,3,0,0,6,1,8,8,2,4,3,2,3,24.45402533,350396.6119
-2.0,18.0,Ekonda,Ae20,0,5,2,7,4,7,4,3,1,8,8,2,4,1,2,3,23.17111395,193130.177
-2.0,29.0,Bashi,Ae13,1,1,0,7,4,6,4,6,1,8,8,0,4,1,2,3,17.57444477,177573.976
-2.0,30.0,Banyaruanda,Ae10,5,1,0,7,4,6,4,6,1,8,8,2,4,1,2,3,16.73643853,155682.9639
-2.0,36.0,Maasi,Aj2,0,5,2,7,4,6,4,5,1,8,8,2,4,1,0,3,18.96295296,62002.15607
-2.0,41.0,Bajuni,Ad1,0,0,4,0,1,3,1,9,0,10,7,2,4,1,1,0,26.50230954,68051.21192
-2.0,121.0,Toradja,Ic5,0,6,3,7,4,0,1,6,1,10,10,2,4,1,2,1,22.74314386,245748.5389
-2.0,138.0,Soromadja,Ie33,5,1,0,3,0,2,0,6,1,8,8,2,4,6,2,3,23.38957171,327686.0122
-2.0,147.0,Manus,Ig9,5,9,5,9,5,2,0,5,1,8,8,2,4,3,0,3,27.71040856,219223.7921
-2.0,147.0,Usiai,Ig10,5,9,5,7,4,6,4,6,1,8,8,2,4,3,2,3,27.71040856,219223.7921
-1.74,142.85,Aua,Ig13,5,0,4,7,4,6,5,6,1,9,9,2,4,4,2,2,27.53570245,224041.5118
-1.47,175.06,Gilbert Onotoa,If7,5,5,2,7,4,2,0,9,1,1,1,2,4,1,1,0,27.33502001,88305.07576
-1.0,-74.0,Witoto,Se6,1,1,0,7,4,2,0,6,1,8,8,0,4,0,2,3,24.19936935,190508.6758
-1.0,32.0,Haya,Ad42,3,4,1,7,4,6,4,6,1,8,8,2,4,1,2,3,18.62068702,128623.6895
-1.0,34.0,Luo,Aj6,1,5,2,7,4,7,6,5,1,8,8,1,4,1,0,3,19.42060864,94339.46974
-1.0,35.0,Gusii,Ad12,1,4,1,7,4,6,4,6,1,8,8,0,4,1,2,3,19.01833323,71490.02478
-1.0,36.0,Kipsigis,Aj9,0,4,1,7,4,6,4,6,1,8,8,2,4,1,2,3,18.3564765,55454.71382
-1.0,37.0,Kikuyu,Ad4,1,5,2,7,4,6,4,6,1,8,8,0,4,1,2,3,17.92150919,52669.69964
-1.0,40.0,Pokomo,Ad33,0,4,1,7,4,2,0,6,1,8,8,2,4,1,2,3,26.0927353,58570.86418
-1.0,101.0,Minangkabau,Ib6,5,1,0,3,0,0,0,4,1,9,9,2,4,4,1,2,24.95685278,180099.641
-0.53,166.92,Nauruans,If13,0,1,0,3,0,7,0,6,1,6,6,2,4,4,2,1,27.51575649,117091.7011
0.0,-70.0,Tucano,Se12,1,1,0,3,0,5,3,6,1,8,8,0,4,6,2,3,24.23790979,249664.6998
0.0,20.0,Nkundo,Ae4,1,5,2,7,4,0,4,3,1,8,8,1,4,1,2,3,22.83406776,195205.9133
0.0,35.0,Meru,Ad35,1,4,1,7,4,6,4,6,1,8,8,0,4,1,2,3,19.39983749,68198.09799
0.0,35.0,Nandi,Aj7,0,4,1,7,4,2,0,5,1,8,8,2,4,1,0,3,19.39983749,68198.09799
0.0,36.0,Dorobo,Aa2,1,4,1,7,4,3,1,6,1,8,8,0,4,1,2,3,19.01419744,50566.30196
1.0,-79.0,Chachi,Sf3,2,4,1,7,4,7,1,9,1,1,1,2,4,4,1,0,22.70023207,256564.7474
1.0,-71.0,Cubeo,Se5,1,1,0,4,3,2,0,9,1,8,8,0,4,6,1,3,23.52865269,245299.1804
1.0,-59.0,Wai-wai,Sd7,0,1,0,7,4,2,0,6,0,10,2,2,4,0,2,0,23.81777701,176121.5756
1.0,11.0,Fang,Ae3,1,5,2,7,4,7,4,6,1,8,8,1,4,1,2,3,23.22373785,185072.2912
1.0,14.0,Kota,Ae41,5,4,1,7,4,2,0,6,1,8,8,2,4,1,2,3,22.38332789,182337.6191
1.0,30.0,Amba,Ae1,1,5,2,7,4,6,4,3,1,8,8,0,1,6,2,3,19.30406862,193996.3342
1.0,32.0,Ganda,Ad7,3,4,1,7,4,6,4,10,1,7,7,2,4,1,4,0,22.49398223,143340.2398
1.0,33.0,Soga,Ad46,0,5,2,7,4,6,4,6,1,8,8,2,4,1,2,3,22.46618099,128027.2239
1.0,34.0,Gisu,Ad9,1,5,2,7,4,6,4,5,1,8,8,0,4,1,0,3,21.76807238,96256.42551
1.0,35.0,Vugusu,Ad41,1,5,2,7,4,2,0,6,1,8,8,0,4,1,2,3,20.56682952,72322.03149
1.0,36.0,Hill Suk,Aj26,0,4,1,7,4,6,4,6,1,8,8,2,4,1,2,3,20.29042184,54845.00616
1.0,36.0,Plains Suk,Aj23,1,5,2,7,4,6,4,5,1,8,8,0,4,1,0,3,20.29042184,54845.00616
1.0,128.0,Tobelorese,Ic10,3,4,1,7,4,0,1,9,1,1,1,2,4,1,1,0,27.04813989,205331.6189
1.09,154.8,Kapingamarangi,Ii7,0,5,2,7,4,7,0,6,0,11,2,2,4,4,2,0,27.66493449,166353.3778
2.0,-65.0,Yanomami,Sd9,5,1,0,3,0,0,5,5,1,11,11,2,0,6,0,3,23.23966571,185384.3646
2.0,10.0,Puku,Ae47,1,4,1,7,4,6,4,6,1,8,8,0,6,1,2,3,24.72389561,175263.227
2.0,20.0,Ngombe,Ae39,5,5,2,7,4,0,4,6,1,8,8,2,4,1,2,3,22.8294213,188204.3181
2.0,22.0,Poto,Ae29,1,4,1,7,4,0,4,6,1,8,8,1,4,1,2,3,22.76098738,199423.8745
2.0,26.0,Popoi,Ai28,5,5,2,7,4,6,4,6,1,8,8,2,4,1,2,3,22.43182743,230789.7401
2.0,28.0,Mbuti,Aa5,3,6,3,7,4,2,0,9,1,1,1,2,1,6,1,0,21.41779959,243307.949
2.0,30.0,Lendu,Ai29,3,4,1,7,4,2,0,6,1,8,8,2,4,1,2,3,19.55026552,199654.5255
2.0,31.0,Alur,Aj17,1,5,2,7,4,7,4,6,1,8,8,1,4,1,2,3,20.88007696,170669.2223
2.0,32.0,Nyoro,Ad2,5,4,1,7,4,6,4,6,1,8,8,2,4,1,2,3,22.58232846,144039.0402
2.0,33.0,Lango,Aj4,0,4,1,7,4,1,4,6,1,8,8,2,4,1,2,3,22.94130619,121945.8672
2.0,34.0,Teso,Aj1,5,5,2,7,4,6,4,6,1,8,8,2,4,1,2,3,22.51345889,98681.60794
2.0,99.0,Toba Batak,Ib4,0,3,7,14,3,7,0,9,1,8,8,2,4,1,1,3,24.94828185,226348.1747
2.0,112.0,Iban,Ib1,0,0,4,7,4,1,1,6,1,2,2,2,4,4,2,0,24.86346763,236496.7965
2.58,102.25,Negri Sembilan,Ej16,1,1,0,4,3,2,0,6,1,6,6,0,4,1,2,1,17.47224874,119359.2698
3.0,-65.0,Ye'kuana,Sc16,3,1,0,3,0,7,5,6,1,10,10,2,4,4,2,1,22.96793333,186057.8834
3.0,-60.0,Wapishana,Sc5,3,1,0,3,0,5,3,6,0,10,11,2,4,0,2,3,25.76788667,120677.4256
3.0,19.0,Bwaka,Ai23,1,4,1,7,4,6,4,6,1,8,8,1,4,1,2,3,22.6887966,177855.312
3.0,28.0,Mangbetu,Ai11,0,4,1,7,4,6,4,5,1,11,11,2,4,1,0,3,21.40831669,234151.6505
3.0,32.0,Lugbara,Ai32,1,5,2,7,4,0,4,6,1,8,8,0,0,1,2,3,22.9247409,140933.373
3.0,34.0,Jie,Aj21,0,4,1,7,4,0,4,6,0,10,8,2,4,1,2,3,24.11172596,97487.20431
3.38,172.99,Makin,If14,5,5,2,7,4,2,0,9,1,1,1,2,0,3,1,0,27.40383911,209493.3766
3.54,8.72,Bubi,Ae44,5,0,4,7,4,0,4,6,1,8,8,2,4,1,2,3,25.86279363,179969.9621
4.0,-66.0,Sanema,Sd8,5,4,1,7,4,0,3,6,0,10,2,2,4,0,2,0,21.50898918,233609.3168
4.0,-63.0,Shiriana,Sd6,2,1,0,7,4,0,0,6,1,10,10,2,5,0,2,1,21.44272949,116167.7569
4.0,-59.0,Macushi,Sc12,0,1,0,3,0,2,0,5,0,10,10,2,4,0,0,1,24.33176972,110166.5471
4.0,-56.0,Saramaccan ,Sc6,5,10,6,7,4,6,4,9,1,5,5,2,0,1,1,3,25.16417264,98435.44993
4.0,11.0,Koko,Ae53,1,3,7,7,4,6,4,6,1,8,8,0,4,1,2,3,22.78004649,201646.4131
4.0,31.0,Kakwa,Aj14,1,4,1,7,4,6,4,6,0,10,8,0,0,1,2,3,21.95145683,170507.6056
4.0,31.0,Pojulu,Aj13,1,4,1,7,4,6,4,6,1,8,8,0,0,1,2,3,21.95145683,170507.6056
4.0,32.0,Kuku,Aj15,1,4,1,7,4,6,4,6,1,8,8,0,0,1,2,3,23.31765468,143130.0985
4.0,33.0,Lotuko,Aj12,5,4,1,7,4,6,4,6,0,10,8,2,4,1,2,3,23.81176288,121924.374
4.0,35.0,Turkana,Aj5,3,5,2,7,4,7,4,5,1,8,8,2,4,1,0,3,25.68695862,84083.87565
4.0,102.0,Senoi,Ej14,0,4,1,7,4,0,0,6,1,2,2,2,4,4,2,0,24.36833305,248762.4497
4.22,9.27,Kpe,Ae2,5,5,2,7,4,6,4,3,1,8,8,2,4,1,2,3,24.94847173,212615.8447
5.0,-69.0,Guahibo,Sc4,0,1,0,3,0,7,0,6,1,10,10,2,4,0,2,1,24.42383966,375368.6116
5.0,-67.0,Piaroa,Sc8,3,1,0,3,0,2,0,6,1,10,10,2,4,4,2,1,21.49745418,327938.2405
5.0,-66.0,Yabarana,Sc7,3,1,0,3,0,2,0,10,0,10,0,2,4,0,4,0,19.70901989,207657.5472
5.0,-59.0,Barama River Carib,Sc3,0,1,0,3,0,2,0,5,0,10,2,2,4,0,2,0,22.09367481,123855.7968
5.0,-54.0,Ndyuka,Sc18,1,6,3,8,5,0,6,3,1,6,6,0,0,4,4,1,25.48530893,98274.39274
5.0,-7.0,Bakwe,Af46,1,5,2,7,4,7,4,6,1,8,8,0,4,1,2,3,25.02406544,131646.9554
5.0,6.0,Isoko,Af25,5,4,1,7,4,0,3,6,1,8,8,2,0,1,2,3,25.80226971,124848.6365
5.0,8.0,Efik,Af19,5,4,1,7,4,0,4,6,1,8,8,2,4,1,2,3,24.77192821,164988.0098
5.0,8.0,Ibibio,Af20,5,4,1,7,4,7,4,6,1,8,8,2,0,1,2,3,24.77192821,164988.0098
5.0,10.0,Bamileke,Ae5,5,5,2,7,4,6,4,6,1,8,8,2,4,1,2,3,22.49133984,202550.2733
5.0,27.0,Azande,Ai3,0,4,1,7,4,6,4,5,1,11,11,2,0,1,0,3,21.95688464,191222.4513
5.0,32.0,Bari,Aj8,1,5,2,7,4,6,4,5,0,10,8,0,0,1,0,3,23.82347936,147891.0085
5.0,101.0,Semang,Ej3,3,4,1,7,4,2,0,6,0,10,11,2,4,4,2,3,25.22073264,241032.2638
5.0,103.0,Malays,Ej8,0,0,4,7,4,7,0,5,0,10,11,2,4,1,0,3,24.60709886,242231.5051
5.09,119.97,Badjau Tawi-Tawi,Ia13,0,0,4,7,4,3,1,6,1,2,2,2,4,1,2,0,26.26234473,219166.8768
5.31,162.98,Kosraeans,If11,0,1,0,7,4,2,0,5,1,11,11,2,4,4,0,3,27.59377927,299601.0949
5.95,-56.98,Lokono,Sc10,0,1,0,4,3,2,0,6,1,6,6,2,4,0,2,1,26.21875866,90660.9892
6.0,-68.0,Piapoco,Sc17,3,1,0,3,0,7,4,6,0,10,11,2,4,4,2,3,24.81321405,316063.4033
6.0,-66.0,Panare,Sc13,2,1,0,3,0,6,5,10,1,0,0,2,4,4,4,0,21.3917023,156506.891
6.0,-63.0,Camaracoto,Sc11,0,1,0,7,4,5,3,5,1,11,11,2,4,0,0,3,20.59886776,87646.75719
6.0,-9.0,Sapo,Af49,1,4,1,7,4,6,4,6,1,8,8,1,4,1,2,3,24.75258992,189545.0764
6.0,-8.0,Krahn,Af47,1,4,1,7,4,6,4,6,1,8,8,1,4,1,2,3,23.84734071,170030.0034
6.0,-7.0,Bete,Af7,1,4,1,7,4,7,4,6,1,8,8,1,4,1,2,3,23.58826588,148449.4232
6.0,-1.0,Fante,Af42,0,1,0,4,3,7,3,5,0,9,4,2,4,1,0,3,24.76505078,114244.1742
6.0,0.0,Ga,Af43,5,0,4,2,3,0,3,7,1,9,9,2,4,1,4,2,25.52951265,105897.6985
6.0,5.0,Itsekiri,Af22,5,5,2,7,4,5,3,5,1,8,8,2,4,5,0,3,25.83284678,116857.2971
6.0,6.0,Edo,Af24,5,4,1,7,4,1,3,6,1,8,8,2,5,0,2,3,25.00101362,126958.7788
6.0,7.0,Igbo,Af10,5,4,1,7,4,0,4,6,1,8,8,2,4,1,2,3,24.33533063,138826.0373
6.0,8.0,Afikpo,Af23,5,10,6,12,2,7,4,6,1,8,8,2,0,1,2,3,24.02845009,154402.5582
6.0,8.0,Ekoi,Af18,5,0,4,7,4,6,4,6,1,8,8,2,4,0,2,3,24.02845009,154402.5582
6.0,8.0,Yako,Af4,5,1,0,5,2,7,4,3,0,10,8,2,4,1,2,3,24.02845009,154402.5582
6.0,9.0,Boki,Af17,5,4,1,7,4,0,4,6,1,8,8,2,4,1,2,3,22.8464794,178809.3073
6.0,10.0,Fut,Ae9,5,4,1,7,4,7,4,6,1,8,8,2,4,1,2,3,21.61891109,188116.4365
6.0,10.0,Kom,Ae54,5,4,1,7,4,7,4,10,0,11,5,2,0,1,2,3,21.61891109,188116.4365
6.0,11.0,Nsaw,Ae56,5,4,1,7,4,7,4,5,1,8,8,2,4,0,0,3,20.74616439,187740.9144
6.0,12.0,Bafute,Ah8,5,4,1,7,4,7,4,3,1,8,8,2,4,1,2,3,20.20665192,183005.8687
6.0,16.0,Gbaya,Ai7,1,5,2,7,4,6,4,6,1,8,8,0,4,1,2,3,21.01229167,144436.2512
6.0,37.0,Konso,Ca1,5,1,0,7,4,1,0,7,1,7,7,2,4,4,4,0,21.66024055,83042.00591
6.0,117.0,Kadazan-Dusun,Ib5,2,5,2,7,4,2,0,9,1,1,1,2,4,1,1,0,25.16709794,207120.0705
6.28,169.49,Marshallese - Jaluit atoll,If17,3,1,0,3,0,0,0,6,1,6,6,2,4,4,2,1,27.54014796,302548.2286
6.88,158.22,Ponapeans,If5,0,1,0,3,0,2,0,3,1,6,6,2,4,4,4,1,27.59664906,293388.8338
6.89,152.74,Nomoians,If10,5,1,0,3,0,0,1,6,1,6,6,2,4,4,2,1,27.61067103,292255.5914
7.0,-72.0,U'wa,Sf4,2,4,1,7,4,5,3,9,0,10,1,2,0,5,1,0,17.50920291,188023.5864
7.0,-68.0,Pumé,Sc2,2,1,0,3,0,1,0,3,1,10,10,2,4,0,4,1,26.90384295,190889.7484
7.0,-11.0,Gola,Af55,5,4,1,7,4,7,3,9,1,8,8,2,4,1,1,3,25.41882766,237250.4386
7.0,-9.0,Kpelle,Af15,5,3,7,7,4,5,3,9,1,8,8,2,0,1,1,3,23.26514451,203221.9469
7.0,-8.0,Ngere,Af56,5,4,1,7,4,6,4,3,1,8,8,2,4,1,2,3,22.87154294,175544.9223
7.0,-4.0,Anyi,Af39,5,1,0,5,2,7,3,3,0,9,11,2,4,1,2,3,23.78214101,129239.7734
7.0,-3.0,Kulango,Ag35,0,1,0,7,4,0,3,6,1,4,4,2,0,5,2,3,23.72491794,123888.6925
7.0,-2.0,Ashanti,Af3,0,1,0,4,3,7,4,10,0,9,5,2,4,1,2,3,23.84137538,118902.1876
7.0,1.0,Ewe,Af36,5,1,0,7,4,0,3,6,0,9,8,2,0,1,2,3,25.20482884,112287.1867
7.0,2.0,Fon,Af1,5,10,6,7,4,6,4,9,1,8,8,2,0,1,1,3,25.5805295,114270.3635
7.0,3.0,Egba,Af32,5,4,1,7,4,0,3,6,1,8,8,2,0,1,2,3,25.42741644,119107.2196
7.0,5.0,Ife,Af34,5,5,2,7,4,0,3,6,1,8,8,2,4,1,2,3,24.67961895,123591.997
7.0,6.0,Kukuruku,Af26,5,4,1,7,4,0,3,3,1,11,11,2,4,1,2,3,24.24164913,126781.0166
7.0,8.0,Idoma,Af29,0,5,2,7,4,7,4,6,1,8,8,2,4,1,2,3,23.98630768,145236.9234
7.0,9.0,Tiv,Ah3,1,6,3,7,4,0,4,3,1,11,11,0,4,6,2,3,23.1944689,161826.8751
7.0,10.0,Fungom,Ae52,5,4,1,7,4,7,4,6,1,8,8,2,4,1,2,3,21.78043304,175919.2433
7.0,12.0,Mambila,Ah4,5,5,2,7,4,0,0,3,1,11,11,2,5,6,2,3,19.70572109,167732.4646
7.0,22.0,Banda,Ai1,1,4,1,7,4,5,6,6,1,8,8,0,1,6,2,3,22.23462955,157366.6612
7.0,29.0,Bongo,Ai35,1,4,1,7,4,6,4,6,1,8,8,0,0,1,2,3,23.61649912,136019.13
7.0,80.0,Sinhalese,Eh6,0,1,0,4,3,3,1,9,1,1,1,2,4,2,1,0,26.60543915,209802.8978
7.09,171.13,Majuro,If3,5,1,0,7,4,0,1,6,1,2,2,2,4,4,2,0,27.50085397,279388.9575
7.22,0.46,Buem,Af37,5,4,1,7,4,7,3,6,1,8,8,2,0,1,2,3,24.80392834,113787.0757
7.25,144.46,Ifaluk,If4,5,5,2,7,4,0,1,6,1,2,2,2,4,4,2,0,27.64205004,273484.4634
7.34,151.6,Trukese,If2,5,5,2,7,4,0,1,10,1,6,6,2,4,4,4,1,27.59829754,281260.5623
7.45,134.54,Palauans,If1,5,5,2,7,4,2,0,10,0,11,5,2,4,1,2,3,27.65871222,268661.4461
7.53,-2.15,Abron,Af38,0,1,0,7,4,0,3,3,1,11,11,2,0,1,2,3,24.17855816,118111.2428
8.0,-78.0,Emberá,Sa4,2,6,3,7,4,3,1,10,0,10,7,2,4,4,4,0,25.31639642,282178.6722
8.0,-11.0,Mende,Af5,5,3,7,14,3,7,4,1,1,8,8,2,5,1,0,3,23.7416769,252285.2824
8.0,-10.0,Gbande,Af54,5,4,1,7,4,6,4,6,1,8,8,2,4,1,2,3,22.29450072,230958.6309
8.0,-5.0,Baule,Af9,5,1,0,7,4,0,4,10,1,5,5,2,4,5,2,3,23.98975294,131225.4051
8.0,-2.0,Vagala,Ag43,5,1,0,7,4,0,3,3,1,8,8,2,4,5,2,3,24.37653513,116365.9094
8.0,4.0,Oyo Yoruba,Af6,5,4,1,7,4,0,4,6,1,8,8,2,0,1,2,3,24.40650964,128007.8516
8.0,5.0,Ekiti,Af33,5,5,2,7,4,0,3,6,1,8,8,2,4,1,2,3,24.21785441,126139.9316
8.0,7.0,Basakomo,Ah12,5,4,1,7,4,0,4,9,1,8,8,2,4,6,1,3,24.15890561,129910.2994
8.0,7.0,Ebira,Af13,5,5,2,7,4,0,3,6,1,8,8,2,4,0,2,3,24.15890561,129910.2994
8.0,8.0,Eloyi,Af27,0,4,1,7,4,6,4,6,1,8,8,2,1,6,2,3,24.31231705,135403.6151
8.0,10.0,Jukun,Ah2,0,6,3,7,4,0,0,6,1,4,4,2,4,1,2,3,23.58199329,136484.1883
8.0,13.0,Djafun,Cb21,0,1,0,3,0,6,4,6,0,10,8,2,4,1,2,3,22.52847949,129090.0162
8.0,28.0,Jur,Ai36,1,5,2,7,4,6,4,6,1,8,8,0,4,1,2,3,24.84792175,116212.5778
8.0,32.0,Nuer,Aj3,1,5,2,7,4,7,4,9,0,10,1,0,4,1,1,0,24.47479061,134237.6663
8.0,34.0,Anuak,Ai44,1,4,1,7,4,6,4,3,1,8,8,0,4,1,2,3,22.92792762,187101.7919
8.0,48.0,Somali (Dolbahanta),Ca2,1,5,2,7,4,7,4,6,1,8,8,0,4,1,2,3,24.66587207,43922.28819
8.0,81.0,Vedda,Eh4,1,1,0,5,2,7,1,5,1,6,6,0,4,5,0,1,26.42472773,184632.9103
8.0,123.0,Subanun,Ia4,0,0,4,7,4,2,0,5,0,10,2,2,0,1,2,0,26.37610187,223654.1877
8.0,126.0,Manobo,Ia15,3,5,2,7,4,2,0,6,0,10,11,2,0,1,2,3,24.77918648,264751.6097
8.46,-12.64,Temne,Af57,1,4,1,7,4,7,3,3,1,8,8,0,0,1,2,3,26.0519274,210558.0915
9.0,-83.0,Bribri,Sa5,0,1,0,7,4,3,1,10,0,10,7,2,4,0,4,0,25.27433902,122778.3028
9.0,-78.0,Guna,Sa1,2,6,3,7,4,0,0,6,1,10,10,2,4,0,2,1,25.71958093,196658.8431
9.0,-72.0,Barí (Motilon),Sb3,0,1,0,3,0,7,3,10,1,0,0,2,4,4,4,0,23.40024009,94470.77933
9.0,-72.0,Yupa,Sb7,0,1,0,3,0,2,0,5,1,10,10,2,4,4,0,1,23.40024009,94470.77933
9.0,-64.0,Cariña,Sb4,0,0,4,1,0,7,0,10,1,0,0,2,0,4,4,0,27.23888943,47313.98556
9.0,-62.0,Warao,Sc1,2,0,4,2,3,0,5,6,1,10,10,2,4,0,2,1,26.12679571,62218.94119
9.0,-10.0,Kissi,Af2,4,3,7,14,3,0,4,6,1,8,8,2,0,1,2,3,22.1376006,199226.2748
9.0,-4.0,Diula,Ag27,5,0,4,7,4,0,3,5,1,8,8,2,4,1,0,3,24.62079754,121578.3671
9.0,6.0,Nupe,Af8,5,1,0,7,4,0,4,6,1,8,8,2,4,1,2,3,24.45221458,126172.5714
9.0,12.0,Mumuye,Ah31,5,4,1,7,4,0,4,3,0,10,8,2,0,1,2,3,24.01553441,113972.1692
9.0,29.0,Dinka,Aj11,5,5,2,7,4,0,4,6,0,2,8,2,4,1,2,3,25.17594399,105616.0204
9.0,35.0,Koma,Ai46,1,4,1,7,4,2,0,6,1,8,8,0,4,6,2,3,20.24194014,178159.1594
9.0,35.0,Mao,Ai47,1,4,1,7,4,6,4,6,1,8,8,0,4,6,2,3,20.24194014,178159.1594
9.0,37.0,Macha,Ca13,5,5,2,7,4,2,0,6,1,8,8,2,4,1,2,3,16.41338226,116714.2925
9.17,92.77,Nicobarese,Eh5,0,6,3,7,4,2,0,10,1,0,0,2,4,4,4,0,26.59509927,162840.6592
9.55,138.13,Yapese,If6,5,6,3,7,4,7,1,3,1,8,8,2,4,4,2,3,27.54680586,240615.9721
10.0,-12.0,Yalunka,Ag54,5,1,0,4,3,7,4,6,1,8,8,2,4,1,2,3,22.97892619,176736.4486
10.0,-6.0,Senufo,Ag32,5,1,0,7,4,0,4,6,1,8,8,2,0,1,2,3,24.96028286,120487.4658
10.0,-4.0,Lobi,Ag11,0,1,0,5,2,6,4,3,1,11,11,2,4,0,2,3,25.25313275,112869.44
10.0,-3.0,Birifor,Ag5,1,1,0,5,2,0,4,3,1,8,8,0,0,1,2,3,25.39308508,106101.8959
10.0,-2.0,Isala,Ag40,1,4,1,7,4,0,3,6,1,8,8,1,4,1,2,3,25.63873897,98911.78363
10.0,-1.0,Nankanse,Ag12,1,4,1,7,4,7,4,3,1,8,8,1,4,1,2,3,25.88265019,95949.06126
10.0,0.0,Konkomba,Ag10,1,10,6,7,4,6,4,6,1,8,8,1,5,0,2,3,25.91696084,98381.4028
10.0,2.0,Kabre,Ag49,5,4,1,7,4,6,4,6,1,8,8,2,5,0,2,3,25.40620476,104973.2116
10.0,8.0,Adara,Ah19,5,4,1,7,4,7,4,3,1,8,8,2,5,0,2,3,23.19933534,121622.591
10.0,8.0,Gure,Ah6,5,5,2,7,4,0,0,6,1,5,5,2,4,5,2,3,23.19933534,121622.591
10.0,8.0,Kagoro,Ah20,1,4,1,7,4,7,4,3,1,8,8,1,4,1,2,3,23.19933534,121622.591
10.0,8.0,Katab,Ah1,1,5,2,7,4,7,4,3,1,8,8,1,4,5,2,3,23.19933534,121622.591
10.0,9.0,Anaguta,Ah9,5,4,1,7,4,0,3,6,1,8,8,2,4,6,2,3,23.33548115,110037.098
10.0,9.0,Birom,Ah17,5,5,2,7,4,7,4,6,1,8,8,2,4,1,2,3,23.33548115,110037.098
10.0,9.0,Kurama,Ah21,5,4,1,7,4,0,4,3,1,8,8,2,0,1,2,3,23.33548115,110037.098
10.0,10.0,Gbagyi,Af28,5,6,3,7,4,0,4,6,1,8,8,2,5,0,2,3,23.74229365,103445.7603
10.0,12.0,Bachama,Cb27,5,4,1,7,4,0,4,3,1,8,8,2,0,1,2,3,24.21019156,90547.65691
10.0,12.0,Dera,Cb28,1,4,1,7,4,0,4,3,1,8,8,0,0,1,2,3,24.21019156,90547.65691
10.0,12.0,Longuda,Ah30,5,4,1,7,4,0,4,10,0,10,5,2,0,1,2,3,24.21019156,90547.65691
10.0,12.0,Yungur,Ah33,5,4,1,7,4,7,4,6,0,10,8,2,0,1,2,3,24.21019156,90547.65691
10.0,13.0,Gude,Ah36,5,6,3,7,4,7,4,6,0,10,8,2,4,1,2,3,24.68768162,85009.42836
10.0,13.0,Hwana,Ah37,5,4,1,7,4,0,4,3,1,8,8,2,0,1,2,3,24.68768162,85009.42836
10.0,14.0,Fali,Ai12,5,4,1,7,4,6,4,6,1,8,8,2,0,1,2,3,25.15970476,81763.81244
10.0,16.0,Masa,Ai9,1,5,2,7,4,7,4,6,1,8,8,0,4,1,2,3,25.48419941,83846.93072
10.0,30.0,Korongo,Ai38,0,4,1,7,4,2,0,10,0,10,5,2,4,1,2,3,25.62836725,97561.55477
10.0,32.0,Shilluk,Ai6,5,5,2,7,4,6,4,6,1,8,8,2,0,1,2,3,25.47652383,103203.7507
10.0,43.0,Somali (Esa),Ca10,1,4,1,7,4,7,4,6,1,8,8,1,4,1,2,3,22.16009425,65141.33396
10.0,119.0,Tagbanua,Ia7,2,5,2,7,4,2,0,10,1,0,0,2,5,0,4,0,27.0752051,194760.1311
10.0,123.0,Bisayan,Ia18,0,5,2,7,4,3,1,0,1,7,7,2,4,4,2,0,26.56049529,213046.4443
10.02,139.79,Ulithians,If9,2,6,3,7,4,3,1,9,1,1,1,2,4,0,1,0,27.51282604,229984.5539
10.2,123.65,Sugbuanon,Ia12,0,4,1,7,4,3,1,6,1,7,7,2,4,1,2,0,26.45386601,216677.5282
11.0,-74.0,Cágaba,Sb2,0,6,3,7,4,2,0,6,1,10,10,2,4,0,2,1,26.33105178,54956.90343
11.0,-72.0,Paraujano,Sb5,2,4,1,7,4,2,0,5,1,2,2,2,4,1,2,0,26.25112068,55565.62951
11.0,-13.0,Futajalonke,Ag6,5,0,4,1,0,6,4,6,1,8,8,2,0,1,2,3,24.83845237,124436.4041
11.0,-9.0,Malinke,Ag9,0,1,0,7,4,0,4,6,1,8,8,2,0,1,2,3,24.71808026,118206.5057
11.0,-9.0,Toma,Af11,1,10,6,7,4,6,4,6,1,8,8,1,4,1,2,3,24.71808026,118206.5057
11.0,-3.0,Dagara,Ag39,5,4,1,7,4,0,3,6,1,8,8,2,0,1,2,3,25.77484055,94588.336
11.0,-3.0,Lowiili,Ag36,1,1,0,5,2,0,3,3,1,8,8,0,0,1,2,3,25.77484055,94588.336
11.0,-2.0,Awuna,Ag37,5,4,1,7,4,0,3,6,1,8,8,2,4,1,2,3,25.97881217,90046.60985
11.0,-1.0,Kasena,Ag13,1,4,1,7,4,7,4,6,1,8,8,1,4,1,2,3,26.2262842,87246.74111
11.0,-1.0,Tallensi,Ag4,1,5,2,7,4,7,4,5,1,8,8,0,0,1,0,3,26.2262842,87246.74111
11.0,0.0,Kusasi,Ag41,1,4,1,7,4,0,3,6,1,8,8,0,0,1,2,3,26.2496969,86523.71577
11.0,1.0,Somba,Ag51,1,4,1,7,4,7,4,6,1,8,8,0,4,0,2,3,25.9345926,87725.76153
11.0,5.0,Reshe,Ah15,0,4,1,7,4,7,4,6,1,8,8,2,0,1,2,3,25.7320385,90882.16174
11.0,8.0,Zazzagawa Hausa,Cb26,5,0,4,1,0,7,4,6,1,8,8,2,2,1,2,3,23.03385303,99285.16641
11.0,11.0,Bolewa,Cb7,0,1,0,7,4,6,4,6,1,8,8,2,4,1,2,3,23.93328629,82109.74006
11.0,12.0,Tera,Cb6,5,1,0,7,4,0,4,3,0,10,8,2,5,0,2,3,24.28622278,79278.35447
11.0,13.0,Margi,Ah5,5,5,2,7,4,7,4,3,1,8,8,2,0,1,2,3,24.84576027,75630.67511
11.0,14.0,Kapsiki,Ah38,1,4,1,7,4,6,4,6,1,8,8,0,4,1,2,3,25.46309669,71063.11734
11.0,14.0,Mafa,Ah7,1,4,1,7,4,7,0,6,1,8,8,1,4,1,2,3,25.46309669,71063.11734
11.0,25.0,Habbaniya,Cb13,0,0,4,7,4,5,3,6,1,8,8,2,4,1,2,3,24.38538829,82355.12126
11.0,28.0,Messiria Humr,Cb15,2,0,4,0,1,7,4,3,1,8,8,2,4,1,2,3,25.54747012,73558.58883
11.0,30.0,Mesakin,Ai39,0,5,2,7,4,2,0,10,0,10,5,2,4,1,2,3,25.7611338,83224.02109
11.0,30.0,Moro,Ai40,5,5,2,7,4,0,4,6,1,8,8,2,2,1,2,3,25.7611338,83224.02109
11.0,30.0,Tira,Ai41,5,5,2,7,4,6,4,5,0,10,8,2,0,1,0,3,25.7611338,83224.02109
11.0,31.0,Nyaro,Ai2,5,4,1,7,4,2,0,6,0,10,8,2,0,1,2,3,25.80387618,86573.50108
11.0,34.0,Ingassana,Ai4,2,5,2,7,4,7,1,3,0,10,2,2,5,0,4,0,25.86598334,91944.26192
11.0,76.0,Kerala,Eg6,0,1,0,4,3,0,0,6,1,9,9,2,4,4,2,2,25.98015986,193003.6055
11.0,79.0,Tamil,Eg2,0,1,0,3,0,7,0,6,1,8,8,2,4,2,2,3,24.81924513,133062.336
11.0,108.0,Cham,Ej11,0,4,1,7,4,1,0,6,1,6,6,2,4,5,2,1,25.96781797,162927.1212
11.7,165.29,Bikinians,If12,5,1,0,3,0,7,1,6,1,6,6,2,4,4,2,1,27.18514689,159342.507
12.0,-72.0,Wayuu,Sb6,0,10,6,7,4,7,4,6,0,10,5,2,4,1,2,3,26.13008088,25502.39621
12.0,-2.0,Mossi (Ouagadougou),Ag47,5,5,2,7,4,6,4,3,1,8,8,2,4,1,2,3,26.45525209,78892.05434
12.0,0.0,Bisa,Ag53,1,4,1,7,4,5,6,6,1,8,8,1,0,1,2,3,26.08824207,74486.35854
12.0,2.0,Gurma,Ag45,5,4,1,7,4,7,4,5,1,8,8,2,4,5,0,3,26.34580343,71115.0348
12.0,9.0,Hausa Kanawa,Cb9,5,0,4,0,1,7,4,5,1,8,8,2,4,1,0,3,24.37438448,68623.55334
12.0,10.0,Maguzawa,Cb1,0,1,0,4,3,0,4,6,1,8,8,2,4,1,2,3,25.28502416,63853.81797
12.0,11.0,Karekare,Cb10,1,4,1,7,4,7,4,6,0,10,8,1,0,1,2,3,25.56871731,62808.44579
12.0,12.0,Wodaabe Fulani,Cb24,2,0,4,0,1,6,4,6,0,9,8,2,4,1,2,3,25.44664026,62734.29249
12.0,13.0,Kanuri,Cb19,5,10,6,7,4,6,4,5,1,11,11,2,4,1,0,3,25.4740022,60910.65231
12.0,24.0,Fur,Cb17,3,4,1,7,4,0,0,6,1,9,9,2,4,1,2,2,23.9432652,79072.05899
12.0,29.0,Nyimang,Ai43,0,4,1,7,4,6,4,6,1,8,8,2,0,1,2,3,25.0612008,69907.88513
12.0,29.0,Tullishi,Ai42,0,4,1,7,4,2,0,6,1,8,8,2,4,1,2,3,25.0612008,69907.88513
12.0,30.0,Dilling,Ai8,5,1,0,7,4,6,4,5,0,10,8,2,0,1,0,3,25.14718173,71805.98956
12.0,31.0,Koalib,Ai37,5,4,1,7,4,0,4,6,1,8,8,2,4,1,2,3,25.57075194,70906.73073
12.0,31.0,Otoro,Ai10,5,4,1,7,4,6,4,5,1,8,8,2,4,1,0,3,25.57075194,70906.73073
12.0,42.0,Afar,Ca6,1,0,4,7,4,7,4,6,1,8,8,0,4,1,2,3,24.66467787,61004.81713
12.0,76.0,Kodavas,Eg5,4,1,0,3,0,7,1,6,1,8,8,2,4,4,2,3,24.64129611,206521.5688
12.0,77.0,Toda,Eg4,1,1,0,3,0,4,2,6,1,8,8,0,4,5,2,3,22.5563277,179394.168
12.0,93.0,Andamanese,Eh1,0,4,1,7,4,3,1,6,1,2,2,2,4,4,2,0,26.21032495,159977.0389
12.0,105.0,Khmer,Ej5,0,0,4,7,4,2,0,0,0,10,7,2,4,1,2,0,24.91698418,186258.2242
12.0,107.0,Mnong Gar,Ej2,5,3,7,14,3,2,0,6,1,6,6,2,4,3,2,1,23.73746495,193655.0434
13.0,-13.0,Coniagui,Ag8,0,10,6,7,4,2,0,10,0,11,5,2,5,0,2,3,28.12377005,53899.59288
13.0,-7.0,Bambara,Ag1,5,1,0,4,3,0,4,6,1,8,8,2,0,1,2,3,26.57540126,70036.90329
13.0,-2.0,Mossi (Yatenga),Ag2,5,5,2,7,4,0,4,6,1,8,8,2,4,1,2,3,26.67229474,67218.68009
13.0,5.0,Bororo Fulani,Cb8,3,4,1,7,4,6,4,6,1,11,11,2,4,1,2,3,26.02729604,61213.27245
13.0,15.0,Shuwa,Cb16,0,0,4,7,4,5,3,6,1,8,8,2,4,1,2,3,26.53285465,49670.96976
13.0,38.0,Amhara,Ca7,3,5,2,7,4,0,1,9,1,1,1,2,4,4,1,0,19.4818178,52327.22873
13.0,108.0,Rade,Ej10,5,1,0,7,4,0,0,6,1,6,6,2,4,2,2,1,22.62085908,165967.1013
13.0,121.0,Hanunoo,Ia5,0,5,2,7,4,2,0,10,1,0,0,2,4,0,4,0,26.77730995,186233.9842
14.0,-89.0,Ch'orti',Sa3,3,6,3,7,4,7,1,6,1,2,2,2,4,0,2,0,23.8632508,78807.52264
14.0,-12.0,Serer,Ag22,0,1,0,7,4,0,4,3,1,8,8,2,0,1,2,3,29.15332438,37372.20644
14.0,0.0,Liptako,Cb22,5,0,4,7,4,0,4,6,1,8,8,2,4,1,2,3,26.696154,48870.02232
14.0,8.0,Tazarawa Hausa,Cb25,0,0,4,7,4,0,4,6,1,8,8,2,4,1,2,3,24.44482306,47003.75138
14.0,14.0,Kanembu,Cb18,0,0,4,7,4,0,3,6,1,11,11,2,2,3,2,3,26.12020592,34834.2776
14.0,32.0,Hasania,Cb4,0,0,4,0,1,5,3,6,0,10,8,2,4,1,2,3,27.2194278,35973.0993
14.0,39.0,Tigrinya,Ca3,0,5,2,7,4,3,1,6,0,9,8,2,4,2,2,3,22.24217911,32945.40648
14.766,-84.089,Miskito,Sa9,0,1,0,3,0,0,0,5,1,10,10,2,0,5,0,1,25.64400906,57210.32214
15.0,-92.0,Mam,Sa8,5,5,2,7,4,7,1,6,1,8,8,2,4,5,2,3,25.16416438,105618.0479
15.0,-91.0,K'iche',Sa13,5,4,1,7,4,2,0,6,1,8,8,2,4,5,2,3,23.92888485,90766.66603
15.0,-91.0,Poqomam,Sa17,5,4,1,7,4,3,1,5,1,8,8,2,4,4,0,3,23.92888485,90766.66603
15.0,-17.0,Wolof,Cb2,1,1,0,3,0,7,4,3,1,8,8,0,4,1,2,3,25.87547596,7535.126693
15.0,-13.0,Susu,Ag26,5,1,0,3,0,0,3,6,1,8,8,2,4,1,2,3,28.88161245,21880.14807
15.0,-3.0,Dogon,Ag3,4,4,1,7,4,0,0,6,1,8,8,2,5,0,2,3,27.17925379,39960.22286
15.0,10.0,Soninke,Ag25,0,0,4,7,4,7,4,6,1,8,8,2,4,1,2,3,23.96360188,28547.27139
15.0,100.0,Thai,Ej9,0,0,4,7,4,2,0,6,0,2,7,2,4,5,2,0,24.14684495,146199.3955
15.13,145.71,Chamorro,If8,0,5,2,7,4,3,1,6,1,7,7,2,4,4,2,0,27.0606605,145605.2396
15.21,145.76,Carolinians,If15,5,5,2,7,4,0,1,6,1,6,6,2,4,4,2,1,27.0606605,145605.2396
15.41,-61.27,Callinago,Sb1,5,1,0,5,2,0,0,6,1,6,6,2,4,0,2,1,25.50682844,41612.62295
16.0,-89.0,Garifuna,Sa7,0,1,0,7,4,2,0,8,1,7,7,2,4,4,3,0,22.90113633,101251.9499
16.0,0.0,Udalan Tuareg,Cc13,0,0,4,7,4,3,1,10,0,11,5,2,4,1,2,3,27.14712772,29100.00103
16.0,79.0,Chenchu,Eg1,3,1,0,4,3,3,1,6,1,2,2,2,4,5,2,0,24.8681852,103422.2948
16.22,-95.02,Huave,Nj6,2,4,1,7,4,7,1,9,1,1,1,2,4,4,1,0,23.17134787,88855.44156
17.0,-96.0,Zapotec,Nj10,2,4,1,7,4,3,1,5,1,11,11,2,4,4,0,3,20.81118287,106745.5761
17.0,-92.0,Tzeltal,Sa2,0,1,0,4,3,7,0,6,0,10,8,2,5,0,2,3,21.43231547,96823.55391
17.0,-1.0,Songhai,Cb3,0,0,4,7,4,2,0,5,1,8,8,2,4,1,0,3,27.32281487,18973.92396
17.0,11.0,Tigon,Ah25,5,4,1,7,4,0,4,6,1,8,8,2,4,1,2,3,23.31714371,9837.736982
17.0,18.0,Daza,Cc14,3,5,2,7,4,2,0,6,0,10,8,2,4,1,2,3,25.71622716,11443.30355
17.0,39.0,Tigre,Ca38,0,0,4,7,4,2,0,6,1,8,8,2,4,1,2,3,26.50169906,16735.61476
17.0,107.0,Annamese,Ej4,5,4,1,7,4,7,3,6,1,8,8,2,4,5,2,3,23.04781129,134509.7213
17.0,121.0,Bontok,Ia8,2,6,3,7,4,3,1,9,1,1,1,2,4,0,1,0,25.16045489,167495.6076
17.0,121.0,Ifugao,Ia3,0,5,2,7,4,3,1,6,1,2,2,2,4,1,2,0,25.16045489,167495.6076
17.0,121.0,Sagada,Ia2,0,6,3,7,4,3,1,6,1,2,2,2,4,3,2,0,25.16045489,167495.6076
17.12,97.19,Karen,Ei7,0,6,3,7,4,3,1,6,1,10,10,2,4,4,2,1,25.20825485,154062.7227
18.0,-97.0,Mazateco,Nj5,0,5,2,7,4,2,0,6,1,11,11,2,4,4,2,3,14.93753495,93668.3427
18.0,-96.0,Chinantec,Nj1,2,5,2,7,4,1,1,6,1,11,11,2,4,4,2,3,18.33860316,162223.9457
18.0,-90.0,Yucatec Maya,Sa6,0,2,0,7,4,3,1,5,0,10,11,2,5,0,0,3,24.90360885,73169.5534
18.0,-3.0,Kel Antessar,Cc5,0,0,4,1,0,3,1,3,1,11,11,2,2,1,2,3,26.7418608,11453.35587
18.0,8.0,Asben,Cc10,0,1,0,4,3,2,0,3,1,11,11,2,4,1,2,3,24.72755085,14756.80192
18.0,38.0,Beni-Amer,Ca36,0,0,4,0,1,7,0,6,1,8,8,2,4,1,2,3,26.12025352,17358.22341
18.0,79.0,Telugu,Eg10,0,1,0,4,3,7,0,6,1,8,8,2,4,2,2,3,25.13449491,108118.2956
18.0,82.0,Khond,Eg12,1,1,0,7,4,2,0,6,1,8,8,0,4,1,2,3,24.32529768,141620.6645
18.0,82.0,Reddi,Eg14,0,1,0,4,3,2,0,9,1,8,8,2,4,5,1,3,24.32529768,141620.6645
18.0,98.0,Lawa,Ej12,5,3,7,14,3,1,1,9,1,8,8,2,4,1,1,3,23.68888693,139419.5572
18.0,121.0,Kalinga,Ia16,0,6,3,7,4,7,1,5,1,10,10,2,4,4,0,1,25.38043492,153686.8415
18.41,-72.17,Haitians,Sb9,0,4,1,7,4,2,0,6,1,7,7,2,4,4,2,0,26.13633072,47516.34339
19.0,-101.0,Tarasco,Nj8,5,0,4,7,4,7,0,6,1,11,11,2,4,4,2,3,16.94166885,156924.6473
19.0,-99.0,Aztec,Nj2,5,4,1,7,4,2,0,6,1,11,11,2,4,5,2,3,14.06928618,104483.7051
19.0,-98.0,Tlaxcalans,Nj9,1,4,1,7,4,7,0,6,1,11,11,0,4,4,2,3,13.94816831,96536.46481
19.0,81.0,Madia,Eg3,1,1,0,3,0,0,5,6,1,8,8,0,4,1,2,3,24.4290047,138058.4369
19.89,-155.83,Hawaiians,Ij6,5,6,3,7,4,0,0,6,1,2,2,2,4,4,2,0,24.51511274,79926.61136
20.0,-5.0,Barabish,Cc7,5,0,4,0,1,2,0,6,1,8,8,2,4,1,2,3,25.75874432,4431.068762
20.0,35.0,Bisharin,Ca5,1,0,4,0,1,2,0,6,0,10,8,0,4,1,2,3,25.73491748,8419.01874
20.0,36.0,Amarar,Ca35,0,0,4,0,1,2,0,6,0,10,8,2,4,1,2,3,26.08697885,9698.06432
20.0,77.0,Gujarati,Ef9,4,1,0,3,0,2,0,6,1,8,8,2,2,1,2,3,22.67523275,106930.8819
20.0,81.0,Muria Gond,Eg13,0,1,0,3,0,7,0,6,1,8,8,2,0,1,2,3,23.75378158,135592.8896
20.0,95.0,Burmese,Ei3,2,0,4,7,4,3,1,10,0,10,7,2,4,2,4,0,25.14945401,130723.3973
20.0,101.0,Lamet,Ej1,5,3,7,14,3,2,0,5,0,10,8,2,0,1,0,3,19.65253169,125905.6563
20.49,92.64,Mogh,Ei9,0,1,0,3,0,2,0,6,1,8,8,2,4,1,2,3,25.96445286,131721.1685
21.0,17.0,Teda,Cc2,3,5,2,7,4,6,4,6,0,10,8,2,4,1,2,3,21.23998367,5033.014522
21.0,85.0,Hill Bhuiya,Eg7,1,1,0,7,4,3,1,6,1,8,8,0,4,1,2,3,24.19306323,129867.37
21.0,100.0,Akha,Ej7,0,4,1,7,4,2,0,6,1,8,8,2,4,4,2,3,18.40430406,116660.6526
21.0,105.0,Muong,Ej13,1,5,2,7,4,7,0,6,0,10,8,0,4,1,2,3,18.53328712,116438.7277
22.0,-105.0,Huichol,Ni3,2,0,4,7,4,7,0,6,0,10,2,2,4,4,2,0,14.76897583,139656.0952
22.0,-100.0,Chichimeca,Ni5,0,4,1,7,4,3,1,10,1,0,0,2,4,4,4,0,13.50551589,104512.2614
22.0,-15.0,Delim,Cc17,0,0,4,0,1,7,0,6,1,8,8,2,4,1,2,3,24.98811375,3125.531863
22.0,-13.0,Regeibat,Cc1,1,0,4,0,1,7,0,6,1,8,8,0,4,1,2,3,25.6405225,3431.421984
22.0,74.0,Bhil,Ef5,3,5,2,7,4,7,0,6,1,8,8,2,4,1,2,3,24.69295107,97684.16485
22.0,81.0,Baiga,Eg9,1,1,0,7,4,5,3,6,1,8,8,0,4,1,2,3,22.97554585,119045.6125
22.0,85.0,Ho,Ef4,1,3,7,7,4,5,3,6,1,8,8,0,4,1,2,3,23.90893577,122780.9171
22.0,85.0,Kol,Eg8,3,4,1,7,4,7,0,6,1,8,8,2,4,1,2,3,23.90893577,122780.9171
22.0,93.0,Maras,Ei4,0,2,0,6,3,2,0,6,1,8,8,2,4,1,2,3,22.75579102,119861.3207
22.0,94.0,Chin,Ei19,0,3,7,7,4,2,0,5,1,8,8,2,4,1,0,3,22.55281633,106036.5907
22.05,121.55,Tao,Ia14,0,4,1,7,4,3,1,6,1,11,11,2,4,4,2,3,24.2125581,126621.4134
22.44,120.77,Paiwan,Ia6,2,5,2,7,4,1,0,9,1,1,1,2,4,1,1,0,23.98693232,121982.7468
22.7,121.05,Ami,Ia9,5,5,2,7,4,7,1,6,1,6,6,2,4,4,2,1,22.78302163,131471.0343
23.0,6.0,Tuareg Ahaggar,Cc9,1,1,0,4,3,3,1,9,0,10,4,0,4,1,1,3,20.74978962,5661.322682
23.0,33.0,Barabra,Cd1,0,0,4,0,1,2,0,6,0,10,8,2,4,1,2,3,24.53861042,3922.204634
23.0,85.0,Kurukh,Ef6,3,4,1,7,4,7,0,6,1,8,8,2,4,1,2,3,23.22339358,112861.5812
23.0,88.0,Bengali,Ef2,5,5,2,7,4,0,0,6,1,8,8,2,1,2,2,3,25.86097974,119412.4526
23.0,92.0,Chakma,Ei10,1,5,2,7,4,2,0,5,1,8,8,0,4,1,0,3,23.24392894,116263.5061
23.0,92.0,Kuki,Ei20,1,3,7,7,4,1,3,6,1,8,8,0,4,1,2,3,23.24392894,116263.5061
23.0,113.0,Cantonese,Ed16,0,10,6,7,4,7,0,6,1,8,8,2,4,1,2,3,20.61387649,116010.0507
23.0,121.0,Puyuma,Ia11,2,5,2,7,4,3,1,10,1,0,0,2,4,4,4,0,22.78302163,131471.0343
24.0,34.0,Ababda,Ca34,0,0,4,0,1,2,0,6,0,10,8,2,4,1,2,3,24.9442543,4283.925756
24.0,87.0,Santal,Ef1,3,4,1,7,4,7,0,6,1,8,8,2,4,1,2,3,24.76057981,105748.2567
24.0,115.0,Min Chinese,Ed6,2,2,0,7,4,7,0,6,1,8,8,2,4,1,2,3,19.40835112,123008.0892
24.0,121.0,Atayal,Ia1,0,5,2,7,4,1,1,9,1,1,1,2,4,1,1,0,21.21236436,118186.2441
24.0,121.0,Bunun,Ia10,5,5,2,7,4,7,1,6,1,8,8,2,4,1,2,3,21.21236436,118186.2441
25.0,33.0,Egyptians,Cd2,2,0,4,0,1,7,0,6,0,10,8,2,4,1,2,3,23.64067076,2906.474282
25.0,68.0,Sindhi,Ea1,2,0,4,7,4,7,0,6,1,8,8,2,2,1,2,3,25.27915525,38342.18057
25.0,94.0,Aimol,Ei11,0,3,7,14,3,2,0,6,1,8,8,2,1,0,2,3,20.00440457,104628.212
25.0,94.0,Purum,Ei6,0,3,7,14,3,1,0,6,0,10,8,2,2,0,2,3,20.00440457,104628.212
26.0,91.0,Garo,Ei1,0,1,0,4,3,1,0,3,1,6,6,2,4,4,4,1,22.93143988,116149.2696
26.0,92.0,Khasi,Ei8,5,1,0,7,4,0,1,6,1,6,6,2,4,4,2,1,21.93089978,113970.1543
26.0,94.0,Rengma,Ei15,5,3,7,14,3,2,0,6,1,8,8,2,4,1,2,3,19.71128633,99740.42821
26.0,95.0,Sema,Ei16,5,3,7,14,3,2,0,6,1,8,8,2,4,1,2,3,18.62567428,97213.12026
26.0,97.0,Kachin,Ei5,5,3,7,14,3,7,0,5,1,8,8,2,4,1,0,3,17.5694872,112411.0291
26.0,100.0,Minchia,Ed8,2,0,4,7,4,7,0,6,1,8,8,2,4,1,2,3,10.86445526,137972.0125
26.0,107.0,Miao,Ed4,5,1,0,3,0,2,0,6,1,8,8,2,4,1,2,3,14.24339188,108771.1885
26.16,127.8,Okinawans,Ed7,0,6,3,7,4,1,1,5,1,8,8,2,2,5,0,3,22.90419936,121415.6808
27.0,-81.0,Seminole,Ng2,1,9,5,7,4,3,1,6,1,6,6,0,4,4,2,1,21.97059972,106193.7404
27.0,94.0,Ao,Ei14,5,4,1,7,4,3,1,6,1,8,8,2,4,5,2,3,16.82293095,179460.4827
27.0,94.0,Lhota,Ei2,5,3,7,14,3,5,3,5,0,10,8,2,0,1,0,3,16.82293095,179460.4827
28.0,-110.0,Yaqui,Ni7,0,5,2,7,4,7,0,6,1,11,11,2,4,4,2,3,24.68370865,50444.61492
28.0,-107.0,Tarahumara,Ni1,2,6,3,7,4,2,0,0,0,10,7,2,4,0,2,0,12.88837639,75201.51505
28.0,47.0,Mutair,Cj5,2,0,4,0,1,2,0,6,1,8,8,2,4,1,2,3,23.72624194,7087.583723
28.0,84.0,Magar,Ee8,0,3,7,7,4,2,0,5,1,8,8,2,4,2,0,3,18.40054173,216996.7918
28.0,87.0,Sherpa,Ee6,0,6,3,7,4,4,2,6,1,8,8,2,4,2,2,3,5.839308934,278598.7207
28.0,89.0,Lepcha,Ee3,3,5,2,7,4,7,0,6,1,8,8,2,4,1,2,3,2.867253677,193285.5531
28.0,95.0,Adi,Ee1,0,3,7,7,4,2,0,5,1,11,11,2,0,1,0,3,16.8581008,216081.1017
29.0,-112.0,Seri,Ni4,0,4,1,7,4,7,1,6,1,11,11,2,4,1,2,3,24.82833869,25981.0802
29.0,26.0,Siwans,Cc3,2,0,4,7,4,7,0,6,1,8,8,2,4,1,2,3,19.86883557,2410.032617
29.0,103.0,Lolo,Ed2,1,1,0,4,3,2,0,6,0,9,8,0,4,1,2,3,8.384560681,192218.8512
30.0,-100.0,Lipan Apache,Nh24,0,4,1,7,4,0,1,6,1,10,10,2,4,4,2,1,18.10995072,60962.95225
30.0,9.0,Hamama,Cd13,0,0,4,0,1,0,3,6,1,8,8,2,4,1,2,3,20.33814992,3220.744021
30.0,28.0,Saadi,Cd18,2,0,4,0,1,2,0,6,1,8,8,2,4,1,2,3,20.25993715,3524.985005
30.0,34.0,Basseri,Ea6,2,0,4,0,1,2,0,5,1,8,8,2,0,1,0,3,18.22173608,5111.668628
30.0,69.0,Marri,Ea10,1,0,4,0,1,7,3,6,1,8,8,0,6,1,2,3,20.20888729,26987.47778
30.0,75.0,Indo-Iranian,Ef3,5,5,2,7,4,0,3,6,1,8,8,2,4,1,2,3,25.46283465,46832.90156
30.0,78.0,Pahari,Ef7,0,4,1,7,4,7,0,6,1,8,8,2,4,1,2,3,21.89171116,103721.9202
30.0,91.0,Central Tibetans,Ee4,0,10,6,7,4,1,2,6,1,8,8,2,1,2,2,3,-4.779496479,55949.12614
31.0,-115.0,Kiliwa,Nc34,1,4,1,7,4,2,0,6,1,8,8,0,4,1,2,3,20.43536157,14912.74012
31.0,-112.0,Tohono O'odham,Ni2,0,5,2,7,4,7,5,6,1,11,11,2,4,4,2,3,22.68989319,25309.42568
31.0,-111.0,Pima,Ni6,0,5,2,7,4,7,0,6,1,11,11,2,4,4,2,3,20.18233124,38854.20024
31.0,-108.0,Chiricahua,Nh1,0,5,2,7,4,7,5,10,1,0,0,2,4,4,4,0,15.32261797,43966.66579
31.0,-95.0,Hasinai,Nf8,0,5,2,7,4,0,0,10,1,0,0,2,4,4,4,0,18.59906132,79730.02519
31.0,2.0,Algerians,Cd12,5,0,4,0,1,7,0,6,1,8,8,2,4,1,2,3,19.07974748,4188.006955
31.0,47.0,Madan,Cj10,5,0,4,0,1,7,4,6,1,8,8,2,4,1,2,3,25.0032706,7696.788262
31.0,120.0,Chekiang,Ed15b,0,1,0,5,2,3,1,7,1,7,7,2,4,2,4,0,14.89429738,124585.9307
32.0,-116.0,Kumeyaay,Nc6,1,5,2,7,4,7,6,9,1,8,8,0,4,1,1,3,19.72093882,15742.99389
32.0,-115.0,Cocopa,Nh19,0,5,2,7,4,2,0,6,0,10,8,2,4,0,2,3,20.36625285,15707.05447
32.0,-91.0,Natchez,Ng7,0,5,2,7,4,7,5,6,1,11,11,2,4,4,2,3,17.76099067,89623.54045
32.0,35.0,Hebrews,Cj3,0,0,4,0,1,7,0,6,1,8,8,2,0,1,2,3,20.02685156,15300.26346
32.0,36.0,Jordanians,Cj6,0,0,4,0,1,2,0,5,1,8,8,2,4,1,0,3,19.14545357,14020.14122
32.0,44.0,Kurd,Ci11,2,0,4,0,1,2,0,6,1,8,8,2,4,1,2,3,22.59641597,5934.002198
32.0,73.0,Punjabi,Ea13,5,0,4,2,3,7,1,6,0,9,8,2,1,2,2,3,25.55481334,36615.36197
32.77,35.03,Druze,Cj8,5,0,4,0,1,7,1,6,1,8,8,2,4,1,2,3,19.72022917,22585.51764
33.0,-117.0,Cupeño,Nc32,1,5,2,7,4,2,0,9,1,8,8,0,4,4,1,3,18.02087342,18475.75368
33.0,-117.0,Luiseño,Nc33,1,5,2,7,4,6,5,6,1,8,8,0,4,1,2,3,18.02087342,18475.75368
33.0,-116.0,Cahuilla (Desert),Nc31,1,5,2,7,4,7,0,9,1,8,8,0,4,4,1,3,19.72089511,17000.27817
33.0,-115.0,Kamia,Nh20,0,5,2,7,4,2,0,6,0,10,8,2,4,4,2,3,20.31804734,16674.88621
33.0,-114.0,Quechan,Nh22,1,5,2,7,4,3,1,9,1,8,8,0,4,4,1,3,20.78639042,17822.16531
33.0,-113.0,Maricopa,Nh5,0,5,2,7,4,2,0,6,1,8,8,2,4,4,2,3,21.19793906,21143.92701
33.0,-103.0,Mescalero,Nh15,0,5,2,7,4,7,5,6,1,10,10,2,4,4,2,1,14.07346677,57098.57048
33.0,-100.0,Comanche,Ne3,2,4,1,7,4,0,5,6,1,2,2,2,4,4,2,0,16.62908925,62111.52229
33.0,-93.0,Caddo,Nf14,0,5,2,7,4,7,0,6,1,10,10,2,4,4,2,1,17.12168688,86620.64129
33.0,-88.0,Choctaw,Ng12,0,5,2,7,4,2,0,5,1,6,6,2,4,4,0,1,16.68382167,98439.45221
33.0,-84.0,Muscogee,Ng3,5,5,2,7,4,0,0,6,1,6,6,2,4,5,2,1,16.25536128,101136.5121
33.0,-7.0,Beraber,Cd7,0,0,4,0,1,2,0,6,1,8,8,2,4,1,2,3,19.18086334,17543.17879
33.0,37.0,Rwala,Cj2,0,0,4,0,1,6,4,6,1,8,8,2,4,1,2,3,17.79475474,18260.46144
34.0,-118.0,Tongva,Nc29,1,4,1,7,4,2,0,6,0,10,8,0,4,4,2,3,17.60728392,25576.7168
34.0,-117.0,Serrano,Nc30,1,5,2,7,4,7,3,6,1,8,8,0,4,1,2,3,18.0308072,22265.34414
34.0,-114.0,Tolkepaya,Nd67,0,4,1,7,4,6,5,6,0,10,2,2,4,1,2,0,19.80877345,22721.04238
34.0,-111.0,Kewyipaya,Nh23,0,4,1,7,4,2,0,6,1,2,2,2,4,4,2,0,15.08067456,46789.25977
34.0,-110.0,Western Apache,Nh17,5,5,2,7,4,7,0,10,1,6,6,2,4,5,4,1,12.63651481,48523.23575
34.0,-98.0,Wichita,Nf5,0,4,1,7,4,7,5,10,1,0,0,2,4,0,4,0,17.27582285,68369.40767
34.0,36.0,Lebanese,Cj7,2,6,3,7,4,3,1,5,1,8,8,2,4,4,0,3,18.72723976,28429.43562
34.0,63.0,Moghol,Ea7,2,0,4,7,4,7,0,6,1,8,8,2,4,1,2,3,14.2761077,12936.59997
34.0,75.0,Kashmiri,Ef8,0,0,4,7,4,7,0,6,1,8,8,2,4,1,2,3,8.590857697,126518.8766
35.0,-115.0,Chemehuevi,Nd54,0,5,2,7,4,3,1,6,1,2,2,2,4,4,2,0,17.75647067,24554.07091
35.0,-114.0,Mojave,Nh21,0,5,2,7,4,2,0,6,1,2,2,2,4,4,2,0,17.39841756,28744.98832
35.0,-112.0,Yavapai,Nd66,0,5,2,7,4,2,0,5,0,10,2,2,0,5,2,0,12.76395177,46753.65273
35.0,-109.0,Zuni,Nh4,5,4,1,7,4,0,1,6,1,6,6,2,4,4,2,1,9.862301822,45742.9996
35.0,-108.0,Acoma,Nh13,2,4,1,7,4,0,1,5,1,2,2,2,4,4,2,0,9.133653813,50579.84915
35.0,-107.0,Isleta,Nh10,2,5,2,7,4,3,1,6,1,7,7,2,4,4,2,0,8.638588868,55809.80708
35.0,-107.0,Laguna,Nh14,0,4,1,7,4,0,1,10,1,6,6,2,4,4,4,1,8.638588868,55809.80708
35.0,-107.0,Santa Ana,Nh12,2,4,1,7,4,7,1,5,1,2,2,2,4,4,2,0,8.638588868,55809.80708
35.0,-85.0,Chickasaw,Ng14,0,5,2,7,4,2,0,6,1,6,6,2,4,4,2,1,13.99198516,106717.1452
35.0,-4.0,Riffians,Cd3,1,10,6,7,4,0,0,5,1,8,8,0,4,1,0,3,19.13586523,22433.82929
35.0,2.0,Hamyan,Cd14,0,0,4,0,1,0,0,6,1,8,8,2,4,1,2,3,15.64128367,26492.35622
35.0,5.0,Nail,Cd17,2,0,4,0,1,2,0,6,1,8,8,2,4,1,2,3,16.93290657,16314.83106
35.0,66.0,Hazara,Ea3,0,0,4,0,1,7,0,6,1,8,8,2,2,1,2,3,4.254842548,31604.42897
35.0,72.0,Yusufzai,Ea2,0,0,4,0,1,2,0,6,1,8,8,2,4,1,2,3,8.869929061,59988.09838
35.0,73.0,Shina,Ee5,0,4,1,7,4,0,3,6,1,8,8,2,4,1,2,3,8.222065944,84959.08646
35.0,136.0,Japanese,Ed5,3,10,6,7,4,1,1,5,1,11,11,2,4,3,0,3,14.0120186,151061.0361
36.0,-120.0,Northern Foothill Yokuts,Nc3,5,5,2,7,4,0,4,6,0,10,8,2,4,4,2,3,15.66332345,39785.49329
36.0,-120.0,Southern Valley Yokuts,Nc24,1,5,2,7,4,0,0,6,0,10,8,0,4,4,2,3,15.66332345,39785.49329
36.0,-119.0,Wukchumni,Nc25,0,5,2,7,4,7,0,6,0,10,8,2,4,4,2,3,15.07863423,40498.47881
36.0,-118.0,Koso,Nd31,0,5,2,7,4,2,0,5,0,10,11,2,4,4,0,3,14.05247908,37616.13862
36.0,-117.0,Shivwits,Nd52,0,5,2,7,4,2,0,6,0,10,2,2,4,4,2,0,13.55958568,30796.11463
36.0,-117.0,Tümpisa Shoshone (Saline and Panamint),Nd32,0,5,2,7,4,2,0,5,1,10,10,2,4,4,0,1,13.55958568,30796.11463
36.0,-115.0,Southern Paiute (Las Vegas),Nd55,0,5,2,7,4,2,0,6,1,2,2,2,4,4,2,0,15.64454281,27155.7981
36.0,-114.0,Hualapai,Nd65,0,1,0,7,4,7,0,9,0,10,1,2,4,4,1,0,15.17309659,32393.8968
36.0,-113.0,Southern Paiute (Kaibab),Nd53,0,5,2,7,4,2,0,6,0,10,11,2,4,4,2,3,13.43346058,38239.27368
36.0,-112.0,Havasupai,Nd3,2,5,2,7,4,0,0,6,0,10,11,2,4,5,2,3,11.22766888,39527.90825
36.0,-111.0,Hano,Nh2,5,5,2,7,4,7,1,6,1,6,6,2,4,4,2,1,10.88647764,33382.1618
36.0,-111.0,Hopi,Nh18,0,5,2,7,4,0,1,6,1,6,6,2,4,4,2,1,10.88647764,33382.1618
36.0,-107.0,Jemez,Nh8,2,5,2,7,4,3,1,6,0,2,7,2,4,4,2,0,6.889567807,60834.52222
36.0,-107.0,Sia,Nh25,2,4,1,7,4,3,1,6,1,7,7,2,4,4,2,0,6.889567807,60834.52222
36.0,-106.0,Cochiti,Nh7,2,5,2,7,4,7,1,5,1,6,6,2,4,4,0,1,6.959871906,63833.91246
36.0,-106.0,Picuris,Nh9,2,4,1,7,4,3,1,6,1,7,7,2,4,4,2,0,6.959871906,63833.91246
36.0,-106.0,San Ildefonso,Nh11,2,5,2,7,4,3,1,6,1,7,7,2,4,4,2,0,6.959871906,63833.91246
36.0,-106.0,Santa Clara,Nh26,0,4,1,7,4,3,1,6,1,7,7,2,4,4,2,0,6.959871906,63833.91246
36.0,-105.0,Kewa,Nh27,2,4,1,7,4,7,1,5,1,2,2,2,4,4,2,0,7.212712302,70684.25302
36.0,-104.0,Jicarilla,Nh16,0,4,1,7,4,7,5,6,1,10,10,2,4,4,2,1,8.617310663,71803.54005
36.0,-99.0,Kiowa,Ne17,0,4,1,7,4,6,5,9,1,1,1,2,4,4,1,0,15.38113574,62599.08656
36.0,-99.0,Kiowa Apache,Ne2,0,5,2,7,4,0,5,10,1,0,0,2,4,3,4,0,15.38113574,62599.08656
36.0,-83.0,Cherokee,Ng5,5,6,3,7,4,7,0,6,1,6,6,2,4,4,2,1,12.59812975,104937.4387
36.0,4.0,Kabyle,Cd4,5,0,4,7,4,7,0,6,1,8,8,2,4,1,2,3,17.15811491,26627.78514
36.0,7.0,Shawiya,Cd8,0,0,4,0,1,0,1,6,1,8,8,2,4,1,2,3,17.29627897,24390.70733
36.0,36.0,Syrians,Cj1,0,0,4,0,1,7,0,5,1,8,8,2,4,1,0,3,18.56034582,40154.40884
36.0,52.0,Iranians,Ea9,0,0,4,0,1,0,0,5,1,11,11,2,4,1,0,3,14.91461358,28353.78921
36.0,71.0,Nuristani,Ea5,0,4,1,7,4,7,4,6,1,8,8,2,4,1,2,3,3.926299206,52349.71506
37.0,-119.0,Western Mono,Nc23,0,5,2,7,4,2,0,9,0,10,8,2,4,4,1,3,13.069292,51759.99714
37.0,-118.0,Eastern Mono,Nd30,3,5,2,7,4,7,0,9,0,10,1,2,4,5,1,0,11.37312871,45110.43662
37.0,-118.0,Tunava (Deep Springs and Fish Lake),Nd29,0,5,2,7,4,2,0,6,0,10,2,2,4,4,2,0,11.37312871,45110.43662
37.0,-116.0,Beatty,Nd33,0,5,2,7,4,2,0,6,1,2,2,2,4,4,2,0,12.0435765,30271.76407
37.0,-110.0,Navajo,Nh3,0,5,2,7,4,7,6,10,1,6,6,2,4,5,4,1,10.45486988,36422.39766
37.0,-106.0,Taos,Nh6,2,5,2,7,4,3,1,6,1,7,7,2,4,4,2,0,5.348763927,62234.36026
37.0,-85.0,Shawnee,Nf13,0,5,2,7,4,7,0,6,1,8,8,2,4,5,2,3,13.18899255,100289.0258
37.0,-6.0,Spaniards,Ce6,0,0,4,7,4,3,1,6,1,7,7,2,4,4,2,0,19.12717206,29714.18028
37.0,10.0,Tunisians,Cd21,5,0,4,0,1,0,0,6,1,8,8,2,4,1,2,3,18.85471955,24827.00352
37.0,75.0,Burusho,Ee2,0,4,1,7,4,7,0,6,1,8,8,2,2,5,2,3,-10.53533643,53185.10589
37.0,118.0,Shantung,Ed10,5,10,6,7,4,7,1,6,1,8,8,2,4,2,2,3,11.99241901,73714.84474
38.0,-120.0,Central Sierra Miwok,Nc5,1,4,1,7,4,6,5,6,1,8,8,0,4,4,2,3,12.54967224,70846.32077
38.0,-109.0,Southern Ute,Nd2,0,5,2,7,4,2,0,10,1,0,0,2,4,4,4,0,8.417559508,50968.9506
38.0,30.0,Turks,Ci5,0,0,4,7,4,7,0,6,1,8,8,2,2,1,2,3,12.03070435,60188.09981
38.134147,126.960754,Koreans,Ed1,3,4,1,7,4,1,1,5,1,8,8,2,4,4,0,3,-2.458942668,85202.63962
38.22,-122.56,Wappo,Nc20,0,5,2,7,4,7,1,6,1,2,2,2,4,4,2,0,14.47797614,55167.95279
38.55,-122.94,Southern Pomo,Nc19,0,4,1,7,4,7,1,6,1,10,10,2,4,4,2,1,14.39151431,63918.08859
39.0,-123.0,Eastern Pomo,Nc18,0,6,3,7,4,7,0,6,1,2,2,2,4,4,2,0,14.39151431,63918.08859
39.0,-123.0,Huchnom,Nc16,0,4,1,7,4,7,0,6,0,10,11,2,4,4,2,3,14.39151431,63918.08859
39.0,-123.0,Northern Pomo,Nc17,0,4,1,7,4,7,3,6,0,10,2,2,4,4,2,0,14.39151431,63918.08859
39.0,-122.0,Nomlaki,Nc1,1,4,1,7,4,2,0,6,0,10,8,0,4,3,2,3,14.90478876,73004.3637
39.0,-122.0,Patwin,Nc22,0,3,7,7,4,7,0,6,0,10,2,2,4,1,2,0,14.90478876,73004.3637
39.0,-121.0,Nisenan,Nc13,0,6,3,7,4,2,0,9,0,10,1,2,4,4,1,0,13.14362747,90954.29915
39.0,-120.0,Washo,Nd6,0,5,2,7,4,2,0,5,0,10,2,2,4,4,2,0,10.2627256,81954.34474
39.0,-118.0,Tübalulabal,Nc2,0,5,2,7,4,3,1,9,1,1,1,2,4,1,1,0,7.741709313,43979.53681
39.0,-117.0,Mahaguaduka,Nd35,0,5,2,7,4,2,0,9,0,10,1,2,4,0,1,0,7.617603482,38287.80431
39.0,-117.0,Wiyambituka,Nd36,0,5,2,7,4,2,0,6,0,10,11,2,4,4,2,3,7.617603482,38287.80431
39.0,-116.0,Railroad Valley Shoshoni,Nd37,0,5,2,7,4,2,0,6,1,2,2,2,4,4,2,0,7.410530425,37729.48279
39.0,-115.0,Ely Shoshoni,Nd38,0,1,0,5,2,2,0,6,1,2,2,2,4,0,2,0,7.38611004,37277.05091
39.0,-104.0,Cheyenne,Ne5,3,5,2,7,4,0,5,10,1,0,0,2,4,5,4,0,6.792525463,61599.32491
39.0,23.0,Greeks,Ce7,0,5,2,7,4,3,1,5,1,11,11,2,4,2,0,3,15.57060113,45557.54837
39.0,100.0,Tu,Eb2,5,1,0,7,4,7,0,6,1,8,8,2,4,1,2,3,-0.156773146,44400.6119
39.34,-123.77,Coast Yuki,Nc15,3,4,1,7,4,6,4,6,0,10,2,2,4,4,2,0,13.31654243,69660.14953
39.73,-123.6,Sinkyone,Nb39,0,5,2,7,4,7,0,6,0,10,2,2,4,1,2,0,12.8527965,83551.31477
39.81,-123.55,Wiyot,Nb36,3,5,2,7,4,7,3,9,1,1,1,2,4,1,1,0,12.8527965,83551.31477
40.0,-123.0,Lassik,Nb37,3,5,2,7,4,2,0,6,0,10,2,2,4,1,2,0,12.94194105,100528.5107
40.0,-123.0,Yuki,Nc7,0,5,2,7,4,2,0,5,0,10,11,2,4,3,0,3,12.94194105,100528.5107
40.0,-121.0,Maidu,Nc12,0,5,2,7,4,7,5,9,0,2,1,2,4,0,1,0,10.33059693,102101.7774
40.0,-119.0,Kuyuidokado,Nd27,0,5,2,7,4,2,0,6,1,10,10,2,4,4,2,1,8.135032418,50847.81121
40.0,-115.0,Spring Valley Shoshoni,Nd39,0,5,2,7,4,2,0,6,1,2,2,2,4,4,2,0,6.935439689,41198.76348
40.0,-114.0,Gosiute,Nd48,0,1,0,3,0,2,0,10,1,0,0,2,4,4,4,0,7.309515879,36464.66671
40.0,-113.0,Tubaduka,Nd40,0,5,2,7,4,2,0,6,1,10,10,2,4,4,2,1,8.006074984,33035.14434
40.0,-112.0,Uintah Ute,Nd58,0,5,2,7,4,2,0,10,1,0,0,2,4,4,4,0,8.538287854,33915.98384
40.0,-103.0,Arapaho,Ne9,3,5,2,7,4,0,5,6,1,10,10,2,4,4,2,1,8.966936451,61738.9599
40.0,45.0,Armenians,Ci10,0,5,2,7,4,0,1,9,1,1,1,2,4,2,1,0,7.470899213,47015.28869
40.35,-123.47,Mattole-Bear River,Nb38,3,5,2,7,4,2,0,9,1,1,1,2,4,1,1,0,12.46333292,100117.2599
40.89,14.25,Neapolitans,Ce5,2,6,3,7,4,3,1,9,1,7,7,2,4,4,1,0,17.12005315,46985.6002
41.0,-124.0,Yurok,Nb4,3,5,2,7,4,7,3,9,1,1,1,2,4,1,1,0,12.11936958,95250.29751
41.0,-123.0,Chimariko,Nb33,0,5,2,7,4,7,0,6,1,2,2,2,4,1,2,0,11.34578144,110570.2982
41.0,-123.0,Hupa,Nb35,3,5,2,7,4,7,3,9,1,1,1,2,4,1,1,0,11.34578144,110570.2982
41.0,-122.0,Shasta,Nb32,3,5,2,7,4,7,0,9,1,1,1,2,4,1,1,0,9.850562702,114675.9234
41.0,-122.0,Wintu,Nc14,3,5,2,7,4,2,0,9,1,1,1,2,4,4,1,0,9.850562702,114675.9234
41.0,-122.0,Yana,Nc11,0,5,2,7,4,7,0,6,0,10,11,2,4,0,2,3,9.850562702,114675.9234
41.0,-121.0,Achumawi,Nc10,0,5,2,7,4,7,3,9,0,10,1,2,0,1,1,0,8.262841551,85852.08068
41.0,-121.0,Atsugewi,Nc4,3,5,2,7,4,7,5,6,0,10,11,2,1,3,2,3,8.262841551,85852.08068
41.0,-117.0,White Knife Shoshoni,Nd43,0,1,0,7,4,2,0,10,1,0,0,2,4,4,4,0,8.554911122,41814.03191
41.0,-116.0,Elko Shoshoni,Nd42,0,8,7,7,4,2,0,6,0,10,2,2,4,0,2,0,7.764593148,46030.10201
41.0,-116.0,Wadaduka,Nd41,0,5,2,7,4,2,0,9,0,10,1,2,4,0,1,0,7.764593148,46030.10201
41.0,-96.0,Omaha,Nf3,5,5,2,7,4,2,0,6,0,10,8,2,4,3,2,3,12.04246538,56576.73156
41.0,115.0,Chahar,Eb7,0,2,0,7,4,0,1,6,1,8,8,2,4,1,2,3,2.802726214,55745.6935
42.0,-124.0,Tolowa,Nb6,1,2,0,7,4,5,3,9,1,8,8,0,4,1,1,3,11.66892207,107464.344
42.0,-124.0,Tututni,Nb31,1,3,7,14,3,5,3,5,1,8,8,0,4,1,0,3,11.66892207,107464.344
42.0,-123.0,Karuk,Nb34,3,5,2,7,4,7,0,9,1,1,1,2,4,1,1,0,10.49979409,123381.5036
42.0,-123.0,Takelma,Nb30,3,4,1,7,4,7,3,6,1,11,11,2,4,1,2,3,10.49979409,123381.5036
42.0,-122.0,Modoc,Nc9,0,5,2,7,4,7,0,9,0,10,1,2,4,3,1,0,8.586154936,121810.7051
42.0,-120.0,Kidutokado,Nd24,0,5,2,7,4,6,5,6,0,10,2,2,4,0,2,0,7.10194214,60190.96331
42.0,-115.0,Yahanduka,Nd44,0,5,2,7,4,2,0,10,1,0,0,2,4,4,4,0,7.875601396,45378.68077
42.0,-112.0,Hukundika,Nd5,2,5,2,7,4,7,5,6,1,2,2,2,4,4,2,0,6.968844612,45545.96006
42.0,-100.0,Pawnee,Nf6,2,6,3,8,5,0,5,6,1,6,6,2,4,4,2,1,10.22841915,49431.81182
42.0,-73.0,New Englanders,Cf1,0,0,4,7,4,3,1,10,1,7,7,2,4,4,4,0,9.277993324,95315.72622
42.0,-7.0,Portuguese,Ce2,2,0,4,7,4,1,1,5,1,11,11,2,4,4,0,3,11.52487191,110387.2173
42.0,12.0,Ancient Romans,Ce3,0,0,4,7,4,3,1,6,1,7,7,2,4,2,2,0,16.13704381,53948.41184
42.0,20.0,Gheg,Ce1,3,1,0,4,3,7,3,6,1,8,8,2,4,1,2,3,11.8407087,93554.7162
43.0,-124.0,Coos,Nb21,3,4,1,7,4,0,3,9,1,1,1,2,6,1,1,0,11.30610184,114773.7661
43.0,-122.0,Klamath,Nc8,0,5,2,7,4,7,0,9,1,1,1,2,1,3,1,0,7.62662365,133841.3102
43.0,-119.0,Wadadokado,Nd22,0,5,2,7,4,2,0,10,0,10,0,2,4,4,4,0,6.622218054,54119.15856
43.0,-112.0,Bannock,Nd63,3,4,1,7,4,2,0,10,1,0,0,2,4,4,4,0,5.599373064,48456.81133
43.0,-112.0,Bohogue,Nd45,0,4,1,7,4,2,0,6,1,2,2,2,4,0,2,0,5.599373064,48456.81133
43.0,-109.0,Wind River Eastern Shoshone,Nd64,0,5,2,7,4,7,0,6,1,10,10,2,4,0,2,1,2.058302962,49818.52917
43.0,-103.0,Teton,Ne8,3,4,1,7,4,7,5,9,1,1,1,2,4,1,1,0,8.070335358,50531.75926
43.0,-90.0,Kickapoo,Nf15,0,5,2,7,4,5,3,5,1,8,8,2,4,0,0,3,9.224906028,65073.05301
43.0,44.0,Ossetians,Ci6,1,10,6,7,4,0,0,6,1,8,8,1,4,1,2,3,8.114494689,76635.64113
43.0,45.0,Khevsur,Ci2,1,4,1,7,4,2,0,6,0,9,8,0,2,1,2,3,8.089389291,75148.38033
43.0,46.0,Mari,Ch4,0,5,2,7,4,3,1,6,1,7,7,2,4,2,2,0,8.56766033,70550.89066
44.0,-124.0,Alsea,Nb28,3,4,1,7,4,7,0,9,1,1,1,2,4,1,1,0,11.37536575,106288.3632
44.0,-124.0,Siuslaw,Nb29,3,6,3,7,4,7,0,9,1,1,1,2,4,1,1,0,11.37536575,106288.3632
44.0,-112.0,Agaiduka,Nd46,0,5,2,7,4,2,0,6,0,10,11,2,4,0,2,3,2.642343603,51409.58789
44.0,-111.0,Tukudika,Nd47,0,5,2,7,4,2,0,9,0,10,1,2,4,4,1,0,1.578531139,60585.65146
44.0,-88.0,Ho Chunk,Nf2,5,1,0,7,4,7,0,5,0,10,8,2,4,0,0,3,7.946549112,65162.55505
44.0,-78.0,Huron,Ng1,5,5,2,7,4,0,1,6,1,6,6,2,4,4,2,1,7.306836644,75250.29788
44.0,144.0,Ainu,Ec7,2,10,6,7,4,2,0,9,1,1,1,2,4,4,1,0,6.219941553,94917.25083
44.75,-123.72,Tillamook,Nb20,3,4,1,7,4,7,4,9,1,1,1,2,4,1,1,0,11.2257092,106381.6214
45.0,-121.0,Tenino,Nd1,3,5,2,7,4,1,3,9,1,1,1,2,4,3,1,0,8.221235852,91996.4389
45.0,-115.0,Nez Perce,Nd20,3,5,2,7,4,0,0,9,1,1,1,2,4,1,1,0,2.587970522,99932.22228
45.0,-108.0,Crow,Ne4,3,4,1,7,4,6,5,6,1,11,11,2,4,5,2,3,3.666578006,59029.69914
45.0,-95.0,Fox,Nf7,0,5,2,7,4,0,5,6,0,10,2,2,4,0,2,0,7.939477299,48526.60704
45.0,-94.0,Plains Cree,Ne19,0,1,0,7,4,2,0,5,1,11,11,2,4,1,0,3,7.923836302,51204.98316
45.0,-68.0,Penobscot,Ng4,0,4,1,7,4,2,0,6,0,10,2,2,4,0,2,0,7.994961467,102955.6823
45.0,26.0,Romanians,Ch10,0,4,1,7,4,3,1,7,1,7,7,2,4,4,4,0,12.43414875,50646.78559
45.0,126.0,Manchu,Ed3,1,1,0,7,4,0,1,6,1,8,8,0,6,1,2,3,3.622564061,58708.59677
45.44,29.32,Gagauz,ch17,2,5,2,7,4,7,1,6,1,7,7,2,3,3,2,0,13.93636069,41816.36937
46.0,-122.0,Klikitat,Nd17,0,4,1,7,4,2,0,10,1,0,0,2,4,3,4,0,8.24740598,120085.3004
46.0,-121.0,Wishram,Nd18,0,5,2,7,4,7,3,9,1,1,1,2,4,3,1,0,8.795707226,80799.97698
46.0,-119.0,Umatilla,Nd19,3,5,2,7,4,2,0,6,1,11,11,2,4,3,2,3,9.333151829,64391.96119
46.0,-113.0,Bitterroot Salish,Nd12,0,5,2,7,4,6,5,9,1,1,1,2,4,4,1,0,2.228565476,66028.38767
46.0,-92.0,Katikitegon,Na38,3,1,0,7,4,7,0,6,1,11,11,2,4,4,2,3,6.476115123,56309.02457
46.0,-88.0,Menominee,Nf9,1,4,1,7,4,7,3,6,1,8,8,0,4,4,2,3,5.447126907,65040.16611
46.0,-85.0,Eastern Ojibwa,Na39,1,1,0,3,0,2,0,9,0,10,1,0,4,0,1,0,4.913860467,66902.74524
46.0,46.0,Kalmyk,Ci1,1,5,2,7,4,0,1,5,1,8,8,0,4,3,0,3,13.52243921,31668.33006
46.0,97.0,Khalka,Eb3,0,5,2,7,4,1,1,5,1,8,8,2,2,1,0,3,-2.986826334,26098.48358
47.0,-122.0,Puyallup,Nb17,0,6,3,7,4,0,3,9,1,1,1,2,1,3,1,0,7.723953152,115325.585
47.0,-101.0,Hidatsa,Ne15,0,4,1,7,4,7,5,6,1,6,6,2,4,4,2,1,6.819315653,37897.45785
47.0,-101.0,Mandan,Ne6,0,3,7,7,4,7,5,10,1,6,6,2,4,4,4,1,6.819315653,37897.45785
47.0,-72.0,French Canadians,Cf5,0,5,2,7,4,3,1,10,1,7,7,2,4,2,4,0,4.050936209,88834.4704
47.0,-65.0,Mi'kmaq,Na41,0,5,2,7,4,2,0,6,0,10,11,2,4,0,2,3,5.811557592,99384.76652
47.0,20.0,Magyar,Ch8,2,5,2,7,4,0,1,5,1,11,11,2,4,3,0,3,12.61471436,55112.55622
47.0,136.0,Udihe,ec21,1,1,0,4,3,2,0,1,1,11,11,0,6,1,0,3,0.277397471,73980.19285
47.42,-124.16,Quinault,Nb25,3,5,2,7,4,7,0,9,1,1,1,2,4,5,1,0,10.26638277,109287.8798
47.91,-124.59,Quileute,Nb18,3,5,2,7,4,0,3,6,1,11,11,2,4,1,2,3,10.10288423,113882.0597
48.0,-123.0,Klallam,Nb16,3,5,2,7,4,7,5,6,1,11,11,2,4,3,2,3,8.960973809,123088.5277
48.0,-123.0,Twana,Nb2,3,5,2,7,4,0,0,6,1,11,11,2,1,3,2,3,8.960973809,123088.5277
48.0,-121.0,Wenatchi,Nd16,0,4,1,7,4,2,0,6,1,11,11,2,4,4,2,3,6.053788464,127887.7851
48.0,-119.0,Sanpoil,Nd4,0,5,2,7,4,1,3,6,1,11,11,2,4,5,2,3,5.685826495,81587.2315
48.0,-117.0,Coeur d’Alene,Nd14,0,6,3,7,4,7,5,6,1,11,11,2,4,4,2,3,6.090183509,67671.72084
48.0,-106.0,Assiniboine,Ne11,3,5,2,7,4,6,5,9,1,1,1,2,0,1,1,0,6.698164647,34597.46853
48.0,-72.0,Montagnais,Na32,0,1,0,4,3,0,0,6,1,11,11,2,4,0,2,3,2.482701029,87457.08172
48.0,36.0,Ukrainians,Ch7,2,5,2,7,4,1,1,5,1,11,11,2,4,2,0,3,12.23980106,48424.07478
48.0,70.0,Kazakh,Eb1,1,5,2,7,4,7,3,6,1,8,8,0,2,1,2,3,7.610945212,30907.34359
48.33,-124.62,Makah,Nb24,3,5,2,7,4,7,0,6,1,11,11,2,1,3,2,3,9.757693569,127062.2894
48.78,-108.98,Gros Ventre,Ne1,3,5,2,7,4,6,5,9,1,1,1,2,4,1,1,0,5.905700534,36116.94709
48.84,-123.27,Lummi,Nb15,3,5,2,7,4,0,3,9,1,1,1,2,1,3,1,0,7.493608846,160993.373
49.0,-122.0,Stó:lō,Nb27,3,5,2,7,4,7,3,9,1,1,1,2,4,3,1,0,6.097633778,144359.2966
49.0,-120.0,Sinkaitk,Nd15,2,5,2,7,4,6,5,5,0,11,2,2,4,3,2,0,3.859662927,98740.72171
49.0,-117.0,Kalispel,Nd13,0,4,1,7,4,7,5,9,1,1,1,2,4,4,1,0,3.721540491,79176.66775
49.0,-115.0,Piegan,Ne18,3,4,1,7,4,6,5,5,1,11,11,2,1,3,0,3,1.87093403,89774.3142
49.0,-96.0,Minnesota Ojibwa,Na36,0,1,0,3,0,7,0,6,0,10,7,2,4,4,2,0,4.559661791,40099.24523
49.0,-92.0,Rainy River Ojibwe,Na37,0,1,0,3,0,7,0,6,0,10,2,2,4,1,2,0,3.316653316,54578.71428
49.0,125.0,Dagur,Eb4,1,4,1,7,4,7,1,6,1,8,8,0,4,1,2,3,0.31815044,54576.20999
49.01,-122.73,Cowichan,Nb26,3,5,2,7,4,0,3,9,1,1,1,2,4,1,1,0,4.990292246,190666.1216
49.16,-125.85,Nuu chah nulth,Nb11,3,5,2,7,4,7,0,9,1,1,1,2,4,3,1,0,8.906838643,150754.1888
49.72,-124.97,Comox,Nb14,3,5,2,7,4,0,3,9,1,1,1,2,4,3,1,0,6.299149409,182966.9756
50.0,-123.0,Squamish,Nb13,3,5,2,7,4,0,3,6,1,11,11,2,4,1,2,3,3.579724673,159487.8648
50.0,-122.0,Nlaka'pamux,Nd10,3,5,2,7,4,7,3,9,1,1,1,2,4,4,1,0,3.078288186,130505.7398
50.0,-117.0,Kutenai,Nd7,0,5,2,7,4,2,0,9,0,10,1,2,4,4,1,0,1.034683176,100370.9197
50.0,16.0,Czechs,Ch3,0,6,3,7,4,1,1,5,1,11,11,2,4,2,0,3,9.142585932,68449.75072
50.0,136.0,Ulch,ec18,1,1,0,4,3,2,0,1,1,11,11,0,0,1,0,3,-2.851321261,73669.72815
50.02,-124.78,Lillooet,Nd9,3,5,2,7,4,7,5,9,1,1,1,2,4,4,1,0,4.57977803,195278.8429
51.0,-127.49,Kwakwaka'wakw,Nb3,3,6,3,8,5,7,0,9,1,1,1,2,1,3,1,0,7.396170232,162487.7708
51.0,-125.0,Klahoose,Nb12,3,5,2,7,4,0,3,9,1,1,1,2,4,3,1,0,2.369375671,185901.2678
51.0,-120.0,Shuswap,Nd11,0,5,2,7,4,7,3,6,1,11,11,2,4,3,2,3,1.899933104,87101.88356
51.0,-115.0,Kainai,Ne13,3,4,1,7,4,6,5,5,1,11,11,2,1,3,0,3,-0.288960179,61041.18483
51.0,-112.0,Blackfoot,Ne12,3,5,2,7,4,0,5,9,1,1,1,2,4,1,1,0,4.568714475,35498.67711
51.0,-85.0,Eastern Cree,Na31,0,0,4,7,4,7,0,10,1,0,0,2,4,4,4,0,1.04264468,55006.44242
51.0,138.0,Oroch,ec20,1,1,0,4,3,2,0,1,1,11,11,0,0,1,0,3,-2.562208715,62833.4055
51.75,-72.66,Mistissini Cree,Na45,0,1,0,3,0,2,0,9,1,1,1,2,6,4,1,0,-2.473085779,77909.65313
52.0,-128.0,Heiltsuk,Nb23,0,1,0,7,4,7,0,9,1,1,1,2,4,3,1,0,7.038801943,173718.1015
52.0,-127.0,Nuxalk,Nb9,0,4,1,7,4,7,3,9,1,1,1,2,4,3,1,0,4.81130118,211011.3098
52.0,-122.0,Chilcotin,Nd8,0,5,2,7,4,7,0,9,1,1,1,2,0,3,1,0,1.570405763,73915.78364
52.0,-98.0,Northern Saulteaux,Na33,0,1,0,3,0,7,0,9,1,1,1,2,4,4,1,0,2.477847848,35743.08096
52.0,-94.0,Pekangekum,Na34,1,1,0,7,4,1,0,9,0,10,8,0,4,4,1,3,1.13647026,46125.80983
52.0,107.0,Buryat,Eb6,1,2,0,7,4,0,0,6,1,8,8,0,4,1,2,3,-1.361441369,39014.93896
52.0,134.0,Negidal,ec17,1,1,0,4,3,2,0,6,1,11,11,0,6,1,2,3,-5.450823497,67277.51153
53.0,-126.0,Alkatcho,Nb10,0,5,2,7,4,7,3,9,0,10,1,2,4,0,1,0,1.025036863,138832.9353
53.0,-83.0,Attawapiskat Cree,Na7,0,1,0,3,0,2,0,9,0,10,1,2,4,0,1,0,-1.616188271,46982.00355
53.0,-9.0,Irish,Cg3,0,5,2,7,4,1,1,5,1,11,11,2,4,2,0,3,10.72911193,128034.4819
53.0,7.0,Dutch,Cg1,0,0,4,7,4,7,1,5,1,2,2,2,4,4,2,0,11.01561495,84560.51269
53.0,50.0,Erzya Mordvins,ch15,0,5,2,7,4,3,1,6,1,11,11,2,1,2,2,3,7.249733765,53188.55887
53.0,142.0,Nivkh,Ec1,5,3,7,14,3,2,0,6,1,8,8,2,4,1,2,3,-3.29322576,53529.81596
53.86,-166.79,Aleut,Na9,0,0,4,2,3,0,3,6,0,10,11,2,4,0,2,3,3.756624331,86597.83955
54.0,-132.0,Haida,Nb1,1,1,0,5,2,0,0,6,0,10,5,0,4,0,2,3,7.191601552,117542.2103
54.0,-124.0,Dakelh,Na19,0,1,0,3,0,7,5,10,0,10,6,2,0,1,4,1,0.885064184,78591.57972
54.0,-110.0,Sarcee,Ne7,0,4,1,7,4,6,5,5,1,11,11,2,4,1,0,3,1.897349458,34208.54456
54.0,56.0,Bashkir,ch12,2,5,2,7,4,2,0,7,0,9,11,2,2,1,2,3,4.59519289,62513.91829
54.01,142.71,Orok,ec19,1,1,0,4,3,2,0,4,1,11,11,0,0,1,1,3,-5.380600751,45846.32194
54.64,-130.25,Tsimshian,Nb7,0,1,0,4,3,0,3,6,1,5,5,2,2,1,2,3,4.529848214,184716.8116
54.98,161.79,Itelmen,ec13,0,1,0,7,4,7,0,1,0,10,8,2,4,0,0,3,-3.525739811,86030.06046
55.0,24.0,Lithuanian Tatar,ch23,2,9,5,7,4,3,1,9,1,1,1,2,4,2,1,0,8.337742868,67059.22756
55.0,24.0,Lithuanians,Ch9,0,4,1,7,4,7,1,5,1,11,11,2,4,2,0,3,8.337742868,67059.22756
55.0,28.0,Byelorussians,Ch6,0,6,3,7,4,1,1,5,1,2,2,2,4,2,2,0,7.608240873,66384.92761
55.0,50.0,Kazan tatar,ch20,0,4,1,7,4,2,0,6,0,9,11,2,2,1,2,3,5.531081404,55713.03489
55.0,112.0,Evenk,ec16,1,1,0,4,3,3,1,6,1,11,11,0,6,1,2,3,-7.410417549,56002.76915
57.0,23.0,Livs,ch24,1,5,2,7,4,3,1,6,1,11,11,0,4,2,2,3,8.356578215,65590.86145
57.0,53.0,Chuvash,ch14,5,5,2,7,4,3,1,7,1,11,11,2,3,3,2,3,4.02812937,59965.61981
57.0,53.0,Udmurt,ch26,3,5,2,7,4,3,1,9,0,9,1,2,2,1,1,0,4.02812937,59965.61981
58.0,-70.0,Naskapi,Na5,0,1,0,3,0,7,0,6,1,2,2,2,6,4,2,0,-6.740412538,46509.85483
58.12,-133.92,Tlingit,Nb22,1,8,7,13,2,7,0,6,1,5,5,0,1,3,2,3,-2.240602942,175907.3156
59.0,-128.0,Kaska,Na4,5,3,7,14,3,0,1,6,1,6,6,2,4,0,2,1,-3.958219382,64286.19598
59.0,29.0,Ingrians,ch18,0,5,2,7,4,3,1,6,1,11,11,2,4,2,2,3,5.67997949,63221.46173
59.0,29.0,Votes,ch28,0,5,2,7,4,3,1,6,1,11,11,2,3,4,2,3,5.67997949,63221.46173
60.0,-166.0,Nunivak,Na6,0,0,4,7,4,7,0,5,0,10,11,2,4,4,0,3,-1.294979725,62213.6937
60.0,-105.0,Dene,Na30,0,4,1,7,4,2,0,6,0,10,11,2,4,4,2,3,-5.323807155,37217.29331
60.34,-144.85,Eyak,Nb5,0,1,0,7,4,5,3,6,0,10,5,2,4,0,2,3,-0.8033036,174457.3566
61.0,-120.0,DeneTha,Na17,0,4,1,7,4,6,5,9,0,10,1,2,4,0,1,0,-2.662087555,29515.94233
61.99,164.24,Koryak,Ec5,0,6,3,7,4,0,0,9,0,10,1,2,4,0,1,0,-9.890587823,49185.35932
62.0,-160.0,Deg Xit'an,Na8,0,6,3,7,4,2,0,10,1,0,0,2,4,4,4,0,-3.836284837,59558.13341
62.0,-144.0,Dena'ina,Na26,0,5,2,7,4,7,3,5,0,10,11,2,1,0,0,3,-7.169807959,89974.65976
62.0,-76.0,Nunavimmiut,Na44,0,6,3,7,4,2,0,9,0,10,1,2,4,4,1,0,-11.35028534,41633.37293
62.0,74.0,Ob Ostyak,Ec10,0,5,2,7,4,2,0,6,1,8,8,2,4,1,2,3,-3.543457333,45671.85707
63.0,-141.0,Nabesna,Na1,0,1,0,3,0,3,1,10,0,10,0,2,0,5,4,0,-6.710847761,45298.63496
63.0,-96.0,Caribou Inuit,Na21,0,5,2,7,4,1,3,6,1,2,2,2,4,1,2,0,-10.95805886,32689.21638
63.0,62.0,Mansi,ec15,3,5,2,7,4,3,1,6,1,11,11,2,4,1,2,3,-1.820360927,47872.15844
63.34,-170.3,Sivokakmeit,Na11,5,10,6,7,4,1,1,6,0,10,8,2,4,0,2,3,-5.241009663,48602.56643
64.0,-173.0,Ungazikmit,ec14,2,5,2,7,4,0,0,1,0,10,8,2,6,0,0,3,-12.02872618,43110.82177
65.0,125.0,Yakut,Ec2,1,10,6,7,4,7,4,6,0,10,8,0,0,3,2,3,-12.31637017,27199.93796
66.0,-135.0,Kutchin,Na20,0,4,1,7,4,2,0,9,0,10,1,2,4,4,1,0,-7.523481987,33430.84771
66.0,-37.0,Tasiilaq,Na24,0,4,1,7,4,0,0,9,1,1,1,2,4,4,1,0,-9.230238786,70835.2782
66.0,177.0,Chukchi,Ec3,0,0,4,7,4,1,4,9,0,10,1,2,4,0,1,0,-12.53404682,43569.91725
68.0,-152.0,Nunamiut,Na12,0,5,2,7,4,1,0,6,0,10,2,2,4,0,2,0,-10.89454201,39903.94042
68.0,22.0,Sami,Cg4,3,6,3,7,4,3,1,9,1,1,1,2,4,4,1,0,-2.461088449,62700.7317
68.0,75.0,Yurak-Samoyeds,Ec4,3,10,6,11,3,7,0,6,1,8,8,2,2,1,2,3,-9.23623532,36216.25315
69.0,-110.0,Copper Inuit,Na3,2,6,3,7,4,3,1,10,1,7,7,2,4,0,4,0,-14.92022168,23634.44654
69.0,-96.0,Netsilik,Na43,0,0,4,7,4,7,0,9,1,1,1,2,4,4,1,0,-16.8391754,24905.1677
70.0,-82.0,Iglulik Inuit,Na22,3,5,2,7,4,7,0,9,1,1,1,2,4,4,1,0,-19.31389846,28459.44823
70.0,145.0,Yukaghir,Ec6,3,6,3,7,4,1,0,10,0,10,0,2,6,0,4,0,-16.26371541,22406.55923
71.0,-157.0,Tareumiut,Na2,0,5,2,7,4,7,3,6,1,2,2,2,4,4,2,0,-11.67232577,28897.45334
72.0,90.0,Nganasan,ec12,2,5,2,7,4,0,0,4,0,11,8,2,6,1,1,3,-14.78078659,31637.22867
