xs,ys,ts
10.813489,-1.739437,Yahgan
11.312573,-1.5867062,Ona
15.235704,0.42001188,Alacaluf
11.271083,3.5211384,Tehuelche
15.750019,10.456098,Mapuche
13.272149,5.1653843,Māori
15.645394,4.9394503,Xhosa Ngqika
11.174019,0.41505998,Ngiyambaa
12.916866,6.0368495,Pondo Xhosa
9.437358,0.78730935,Abipón
9.645907,-8.755111,Sotho
16.697151,5.6324553,Zulu
1.396987,6.031576,Aweikoma
13.609493,5.200856,Diyari
7.112727,-1.4149886,Swazi
9.235357,0.17869224,Nama
1.264411,6.5349073,Toba
15.70776,10.425486,Pedi
16.567879,5.7499394,Lenge
16.073936,5.6226344,Antandroy
15.717029,0.85123813,Wichí
9.836639,-8.943738,Tswana
14.085973,3.2325475,Lovedu
7.008819,-1.4876096,Tsonga
15.480362,6.4394236,Northern Aranda
8.564578,1.4175153,Brazilians
1.9660891,3.4209046,Mangarevans
7.5476136,-2.2099998,Venda
14.493969,5.2536936,Antaisaka
10.561552,-1.6390113,Choroti
15.685659,1.0330365,Bergdama
14.633788,5.0890703,Betsileo
13.508471,2.586924,Tanala
14.772627,5.1706614,Walbiri
0.81035316,6.99249,Mangaians
15.162015,0.26351073,Terena
13.489068,3.6864026,Herero
7.0142927,-1.4490215,Sakalava
13.633813,2.468709,Kariyarra
7.2967553,-1.5790483,Lifu
11.335737,3.5228488,Guaraní
15.6122055,0.8131221,!Kung
2.2812884,3.5010383,Naron
15.725794,5.1912365,Ndebele
15.811696,4.0014043,Ndau
11.239241,-1.8957019,Tongans
8.455414,-0.31715563,Tannese
2.2727854,3.4260497,Niueans
15.8294115,4.416988,Shona
11.117538,-0.7893945,Merina
9.317972,0.4164385,Eromangans
8.355454,1.413284,Camba
14.996733,3.3891032,Plateau Tonga
11.783836,5.685944,Vanua Levu
13.836377,2.651802,Lau
3.0410504,4.908432,Tahitians
16.51686,5.2770987,Seniang
11.2031355,0.31768447,Ranon
9.905329,-0.105261244,Aymara
15.610594,10.85819,Sirionó
11.687086,5.749695,Bororo
15.7014675,10.358554,Ila
13.939336,2.921933,Nyanja
9.547219,-2.2721903,Bunlap
15.134512,3.5087419,Nyaneka
13.8757515,5.0183773,Lozi
9.96096,1.8867878,Lala
13.9848385,2.195405,Kunda
13.909258,2.828541,Makua
9.974776,1.8513145,Yir Yoront
11.965867,3.8219433,Bacairi
13.814816,4.6796174,Shavante
13.8322735,2.888503,Chewa
15.724359,10.430109,Wikmunkan
15.15082,5.4379907,Anindilyagwa
2.230316,3.6401212,Upolu Samoans
12.707808,6.177615,Mota
2.4280362,4.142783,American Samoans
11.105707,-0.66548115,Inca
11.051052,-0.760169,Kuikuru
14.923422,4.8291836,Luchazi
14.067676,2.4869747,Kaonde
14.043947,1.3358531,Lamba
15.455866,6.6044374,Nyasa
8.556323,-1.353727,Yao
9.045631,-2.1028574,Rotumans
15.719984,10.422688,"Yolngu, Dhuwal"
15.182661,6.224108,Gidjingali
15.327547,5.388441,Tikopia
8.618771,-0.62508523,Chácobo
1.7562233,5.067423,Nambikwara
8.766767,-0.5361298,Kamayurá
8.628364,-0.6080058,Trumai
11.356062,3.5486915,Carajá
13.988743,3.192142,Mbundu
13.88576,2.8202262,Luimbe
13.855768,2.592591,Luvale
1.0512928,6.5704722,Ngoni
8.733222,-1.310778,Tonga
13.767944,2.9721408,Tumbuka
0.5399832,6.611664,Tiwi
1.8998861,3.5765514,Rossel Islanders
11.542444,-1.381192,Tapirapé
13.881123,2.4738064,Ndembu
14.0254755,2.1533632,Bemba
13.81864,2.9335523,Makonde
9.620937,-2.0790102,Pukapukans
12.253914,3.793742,Santa Cruz Islanders
3.3373497,4.756168,Dahuni
8.810485,-0.6108322,Amahuaca
8.206437,0.0075471634,Chokwe
8.53957,-0.21462873,Luapula
13.799514,3.0199184,Iwa
13.221337,5.9649615,Ngonde
15.582228,10.858856,Sumbanese
2.9764862,4.965962,Dobuans
9.941505,0.2901286,Miriam
10.889308,-1.8100746,Ulawans
9.614052,-1.2548606,Kaoka
1.8207018,3.7134027,Tokelau
11.255142,0.38792148,Sherente
15.509954,5.188464,Nyakyusa
14.172306,6.1685576,Bena
15.589531,10.866272,Belu
14.598112,5.098163,Keraki
9.516669,-2.2754579,Kiwai
9.325591,0.8067178,Koita
12.606752,6.153505,Mekeo
12.593412,6.0910783,Koiari
9.493716,-1.6438817,Orokaiva
9.413429,0.6657349,Kwaio
8.636568,-0.53538686,Marquesans
9.208729,1.7024852,Sumbawanese
9.143203,-2.196859,Trobriands
12.023092,5.1469765,Ili-Mandiri
2.1034827,3.4489298,Alorese
13.313729,3.078018,Tanimbarese
9.765675,-8.877568,Balinese
1.2364727,6.1314154,Asháninka
11.6857605,-1.2863601,Kayapo
14.0354805,1.4770656,Tupinambá
15.688003,4.9757433,Luba
14.020074,3.1909533,Hehe
8.53744,-1.4232602,Luguru
9.672124,-2.219744,Marind-Amin
12.584557,6.0867743,Mafulu
15.067594,0.39042464,Simboese
9.1887455,0.6542405,Elema
0.67567647,6.2417164,Kimam
0.5366487,6.3530154,Ellice
11.901874,5.573612,Canela
8.452059,0.100601435,Bakongo
15.218205,4.8855057,Luwa
14.014574,3.1692107,Gogo
13.470897,6.629372,Kwere
11.138964,0.49081248,Javanese
12.406914,6.271196,Purari
11.239075,-1.9535886,Busama
2.0991154,3.5055876,Choiseulese
13.597228,2.490531,Wantoat
1.7338703,4.9309483,Munduruku
11.12908,0.1830334,Apinaye
13.46318,3.8041532,Suku
15.267585,6.6574073,Pende
15.661791,4.924712,Songye
8.713287,-2.041608,Kaguru
9.383445,-2.2388213,Ngulu
12.030966,4.7774234,Muju
6.914046,-1.3784355,Kutubu
9.453654,0.5041158,Enga
11.08917,0.51458466,Kakoli
13.777827,2.905152,Fore
11.197351,0.35787067,Ngarawapum
9.5101795,-1.1711067,Siuai
0.68754387,7.19914,Kurtatchi
13.786258,2.937225,Lakalai
1.1517901,4.0124426,Ontong Java
2.5841656,4.6965313,Macassarese
15.567294,4.317287,Yombe
15.3878975,6.6658893,Mbala
15.363505,6.644574,Songo
13.980452,2.8298,Bunda
15.086919,3.4839265,Lele
11.835663,5.4147663,Kuba
15.413289,3.7402594,Ha
13.269136,4.990965,Nyamwezi
15.841388,3.9782517,Turu
13.586838,6.6033587,Tatoga
15.470243,10.9724245,Sandawe
15.751905,3.9540436,Shambaa
9.183379,0.6518474,Star Mountain
9.488812,-2.2426586,Banaro
9.563164,-2.0686817,Manam
15.316322,4.7202754,Yanzi
15.210772,4.7172756,Dzing
15.6314125,4.9563975,Kutsu
15.7652645,3.9847078,Tetela
16.607052,5.449373,Songola
12.092283,4.7341304,Mbugwe
12.855258,6.075182,Digo
9.531846,-1.7033496,Duruma
16.528477,5.7948527,Mee
13.384066,4.561571,Dani
16.521078,5.4751053,Kwoma
7.6552405,-2.0638855,Iatmul
12.162795,6.105698,Arapesh
9.598724,-1.7493883,Abelam
10.839802,-1.8297817,Ambonese
8.394045,-0.19304356,Tangu
12.290248,6.188225,Wogeo
9.226814,-2.0151894,Lesu
13.942902,2.6302805,Shuar
9.253538,0.4505518,Yagua
9.47463,0.042340085,Ticuna
10.418228,-1.3516765,Tenetehara
15.349409,4.625505,Sakata
16.333237,4.898793,Kela
15.684653,4.9953976,Rega
15.598614,10.802069,Kiga
13.541659,2.5947466,Rundi
13.440638,4.6061244,Sukuma
9.579329,-1.7412305,Sonjo
16.5402,5.375666,Chagga
7.3006935,-2.416026,Giriama
9.970572,0.30048728,Samarokena
1.9945331,3.242063,Mentaweians
15.565837,10.901886,Waropen
16.057951,4.5305204,Ekonda
15.401816,3.7686038,Bashi
12.523323,5.8564167,Banyaruanda
16.226627,5.2020426,Maasi
8.615711,-7.51696,Bajuni
10.796642,-1.1585467,Toradja
8.319116,-0.9587736,Soromadja
11.247553,0.38718325,Manus
15.2882595,6.4839225,Usiai
12.347956,5.770634,Aua
2.157301,3.5619464,Gilbert Onotoa
8.841662,0.22049442,Witoto
13.002862,5.9787965,Haya
16.451153,5.325626,Luo
15.768651,4.0581827,Gusii
15.583371,4.98962,Kipsigis
16.638056,5.49618,Kikuyu
9.2032995,0.65626514,Pokomo
8.316151,-0.95001084,Minangkabau
13.383128,2.7162702,Nauruans
13.568712,2.48132,Tucano
6.9753084,-1.4360569,Nkundo
15.750196,4.017516,Meru
9.239474,0.7077523,Nandi
9.262191,0.49894786,Dorobo
0.7318794,6.3549423,Chachi
9.272052,0.0074807643,Cubeo
14.886616,0.5936901,Wai-wai
16.63646,5.5854883,Fang
9.622879,-1.7755451,Kota
14.5626335,5.138885,Amba
15.077621,4.898817,Ganda
15.712006,5.1820784,Soga
16.513885,5.3766804,Gisu
9.400015,0.4753322,Vugusu
15.634408,4.950091,Hill Suk
16.51777,5.362499,Plains Suk
2.2337463,3.7162707,Tobelorese
15.703433,0.7440109,Kapingamarangi
8.227783,-1.0065339,Yanomami
15.793987,3.998401,Puku
7.7780886,-3.1547167,Ngombe
6.970564,-1.4673711,Poto
12.674886,6.1948223,Popoi
2.2972133,3.3905413,Mbuti
9.721655,-1.6670732,Lendu
16.686214,5.612213,Alur
12.628884,6.168079,Nyoro
6.9562173,-1.4169116,Lango
12.694176,6.205422,Teso
15.6981125,10.475046,Toba Batak
2.8454068,4.947453,Iban
8.4229555,-0.0011272954,Negri Sembilan
13.641148,2.6257863,Ye'kuana
13.645905,2.8766525,Wapishana
15.801241,4.0423594,Bwaka
13.402624,4.581955,Mangbetu
7.250947,-1.6273003,Lugbara
6.8718576,-1.3690537,Jie
2.3808255,3.3858192,Makin
7.4159665,-2.6572347,Bubi
14.987558,0.4593151,Sanema
9.599195,-0.70778245,Shiriana
8.693043,-0.5456912,Macushi
15.251837,6.5755816,Saramaccan 
10.540649,2.5543067,Koko
14.187633,6.2009974,Kakwa
14.217387,6.2700257,Pojulu
14.163622,6.2435102,Kuku
12.863658,6.050034,Lotuko
12.808539,6.364357,Turkana
2.9846888,4.826198,Senoi
12.586113,6.6606464,Kpe
13.386054,3.0016463,Guahibo
8.50088,-0.7369421,Piaroa
14.025114,1.4674256,Yabarana
13.997975,1.5217553,Barama River Carib
7.2305036,-1.6159703,Ndyuka
16.691986,5.5928726,Bakwe
8.052536,-2.2103894,Isoko
7.381194,-2.50897,Efik
13.491542,6.671034,Ibibio
12.620953,6.1811695,Bamileke
13.390307,4.7927995,Azande
14.106095,6.2259946,Bari
11.462457,-1.5768406,Semang
11.38716,3.4978096,Malays
2.6103706,4.9579444,Badjau Tawi-Tawi
11.04701,-0.6784175,Kosraeans
8.330473,0.086908184,Lokono
13.591061,2.5743115,Piapoco
1.4821148,5.447179,Panare
13.193599,4.1258054,Camaracoto
15.838362,4.027987,Sapo
15.876235,3.9327335,Krahn
15.88242,3.980859,Bete
14.319913,3.0549107,Fante
8.798271,-7.049014,Ga
12.031035,6.1660132,Itsekiri
7.419109,-2.6007612,Edo
7.363915,-2.5174155,Igbo
15.388787,6.6445484,Afikpo
12.4042225,5.7480245,Ekoi
13.483471,3.6223056,Yako
7.346882,-2.5280447,Boki
12.63482,6.1366076,Fut
13.44787,6.6372185,Kom
12.643361,6.3948135,Nsaw
12.654454,6.6157246,Bafute
16.594166,5.442198,Gbaya
8.9364805,-1.8294591,Konso
1.9551007,3.4164798,Kadazan-Dusun
8.304173,-0.9239165,Marshallese - Jaluit atoll
8.269178,-0.07559296,Ponapeans
8.384659,-1.1273009,Nomoians
15.6677475,0.84220123,U'wa
8.751036,-0.56033534,Pumé
12.704728,6.0684056,Gola
13.674585,6.48483,Kpelle
12.59684,6.6929455,Ngere
13.491478,3.6845272,Anyi
7.9481726,0.120104134,Kulango
14.109031,2.5713785,Ashanti
7.9624343,-2.162732,Ewe
15.305496,6.567246,Fon
8.041944,-2.194536,Egba
7.792296,-3.1249025,Ife
10.868241,-1.8657666,Kukuruku
15.797808,5.2212443,Idoma
11.339407,-1.4862264,Tiv
12.635055,6.1900434,Fungom
11.325311,-1.8221838,Mambila
14.618658,5.0926924,Banda
14.179509,6.2296515,Bongo
1.7720208,5.016801,Sinhalese
2.5596557,4.4905386,Majuro
13.4634905,6.667753,Buem
2.506073,4.136878,Ifaluk
9.071112,-2.1778898,Trukese
9.686071,-1.1414012,Palauans
7.64031,-1.5384928,Abron
8.564185,1.5400479,Emberá
15.712315,10.487209,Mende
12.557726,6.1323056,Gbande
8.889596,-1.9743805,Baule
9.277375,-2.3081892,Vagala
8.004347,-2.2090197,Oyo Yoruba
7.779248,-3.140705,Ekiti
9.068901,-2.264065,Basakomo
7.7454877,-3.1239035,Ebira
14.609928,5.148367,Eloyi
3.277957,4.8098927,Jukun
13.76571,2.808632,Djafun
16.596565,5.450214,Jur
15.886182,1.0583018,Nuer
16.01447,4.321572,Anuak
16.691519,5.6040893,Somali (Dolbahanta)
13.396955,2.6445658,Vedda
15.123769,0.48747408,Subanun
10.754106,-1.4729651,Manobo
14.226347,6.2720284,Temne
9.167317,1.2687998,Bribri
10.634074,-1.2522093,Guna
1.5072026,5.4091973,Barí (Motilon)
8.588316,-0.6192463,Yupa
1.4685717,5.447295,Cariña
8.657272,-7.0874553,Warao
15.620056,10.835937,Kissi
7.4103336,-2.6507287,Diula
7.433488,-2.4365752,Nupe
8.134764,-2.2311883,Mumuye
7.573942,-2.8708582,Dinka
9.859978,0.23308644,Koma
14.661998,5.0969925,Mao
9.582523,-1.8340083,Macha
1.1081707,3.9629786,Nicobarese
11.9612875,6.0090814,Yapese
13.625223,3.4115262,Yalunka
7.912938,-2.0996466,Senufo
13.458156,3.7660217,Lobi
7.4418297,-1.5001259,Birifor
6.9206963,-1.3225701,Isala
16.010836,4.334363,Nankanse
15.477414,6.5269356,Konkomba
12.694308,6.2132373,Kabre
12.614469,6.654932,Adara
9.067426,-2.148188,Gure
16.036245,4.310844,Kagoro
14.64617,5.1072154,Katab
9.246985,-2.343953,Anaguta
12.727783,6.239197,Birom
8.102129,-2.2253532,Kurama
7.784228,-3.1779943,Gbagyi
8.168927,-2.271422,Bachama
7.2848287,-1.5915617,Dera
8.086229,-2.2238808,Longuda
13.482871,6.649626,Yungur
12.882148,6.1406574,Gude
8.10956,-2.212077,Hwana
13.473499,6.6469955,Fali
16.749475,5.633319,Masa
9.633736,0.9687066,Korongo
13.474788,6.6777945,Shilluk
15.909978,4.064591,Somali (Esa)
1.6133485,3.6032507,Tagbanua
8.317083,1.3594911,Bisayan
1.9426222,3.345511,Ulithians
8.476918,1.265201,Sugbuanon
10.752188,-1.1427122,Cágaba
2.901024,4.80833,Paraujano
9.747274,-8.859412,Futajalonke
7.318218,-1.4307233,Malinke
15.501026,6.4393725,Toma
8.025728,-2.185101,Dagara
7.4663506,-1.4968538,Lowiili
7.415839,-2.5714955,Awuna
15.98322,4.08979,Kasena
14.180736,6.197327,Tallensi
7.335222,-1.6029016,Kusasi
15.931833,3.98905,Somba
14.160987,6.2092967,Reshe
9.798742,-8.911609,Zazzagawa Hausa
15.335214,3.8311715,Bolewa
7.4488034,-2.397806,Tera
13.41555,6.6995654,Margi
15.789649,3.9580345,Kapsiki
12.031448,4.740194,Mafa
10.420879,2.7063982,Habbaniya
9.73148,-8.850406,Messiria Humr
9.667234,0.8335102,Mesakin
7.7460904,-2.9776077,Moro
13.469921,6.6456842,Tira
8.55446,-2.1359785,Nyaro
15.646006,0.8896127,Ingassana
8.833383,-0.41667196,Kerala
13.324557,2.916138,Tamil
8.091852,1.3353295,Cham
13.495484,2.5840328,Bikinians
15.492614,6.464243,Wayuu
12.591645,6.660688,Mossi (Ouagadougou)
14.121075,6.2827373,Bisa
12.133038,6.1190124,Gurma
9.836227,-8.9500675,Hausa Kanawa
7.3677526,-1.2484895,Maguzawa
14.117812,6.1889124,Karekare
9.698837,-8.819598,Wodaabe Fulani
15.256797,6.461401,Kanuri
9.946023,-1.4778496,Fur
14.156781,6.2448325,Nyimang
9.223907,0.7044628,Tullishi
13.399049,6.6687627,Dilling
7.358168,-2.5272558,Koalib
12.685839,6.4282694,Otoro
10.555218,2.8180225,Afar
13.4187155,2.639488,Kodavas
13.472073,2.4764528,Toda
2.9952488,4.945878,Andamanese
9.08239,1.5499166,Khmer
15.56147,10.895753,Mnong Gar
11.063188,0.590361,Coniagui
7.854757,-2.0631988,Bambara
7.7742047,-3.0945776,Mossi (Yatenga)
13.326307,4.9751005,Bororo Fulani
10.412396,2.681553,Shuwa
2.3737419,3.7465494,Amhara
8.881271,-1.6292688,Rade
1.556644,3.6402826,Hanunoo
0.53197086,6.613429,Ch'orti'
7.4257197,-1.5452707,Serer
7.4972305,-2.709202,Liptako
9.657602,1.8577797,Tazarawa Hausa
11.100875,-0.69858044,Kanembu
9.579059,-8.701909,Hasania
9.57437,0.6546123,Tigrinya
8.606678,-0.6647842,Miskito
11.9226465,5.9869156,Mam
9.615032,-2.1921382,K'iche'
9.562467,-2.164287,Poqomam
13.933959,3.0907285,Wolof
8.099753,-1.260096,Susu
9.64311,-1.689195,Dogon
10.535223,2.8046567,Soninke
8.851104,1.8750719,Thai
8.308294,1.4026425,Chamorro
9.061467,-2.1287475,Carolinians
8.6865835,-1.2811465,Callinago
8.514995,1.2557813,Garifuna
9.396095,1.4315633,Udalan Tuareg
2.3545432,4.8231697,Chenchu
0.7568533,6.342239,Huave
11.38928,-1.4524845,Zapotec
13.283873,3.1299548,Tzeltal
9.6336,1.824707,Songhai
7.35341,-2.508265,Tigon
9.965661,-1.5022188,Daza
9.626348,1.8439558,Tigre
12.0143,6.0505533,Annamese
1.8629463,3.338223,Bontok
2.9908519,4.8425937,Ifugao
3.1134136,4.939717,Sagada
11.729565,-1.0997972,Karen
11.461421,-1.1520052,Mazateco
11.417295,-1.4779266,Chinantec
10.646418,-0.6556223,Yucatec Maya
8.593965,-7.5431976,Kel Antessar
8.996637,-0.6569709,Asben
9.570078,-8.701986,Beni-Amer
13.351315,3.0663364,Telugu
8.851106,0.20704468,Khond
9.121423,-0.0943766,Reddi
15.559466,10.898924,Lawa
12.440414,4.2184,Kalinga
8.286554,1.3498143,Haitians
11.486652,3.69249,Tarasco
11.216224,-1.8939095,Aztec
12.374541,4.162117,Tlaxcalans
7.5686955,-1.2828405,Madia
2.453665,4.0780544,Hawaiians
8.896908,-7.304187,Barabish
8.6111765,-7.5353284,Bisharin
8.570113,-7.5572762,Amarar
8.334873,-0.95598984,Gujarati
13.347273,2.9289594,Muria Gond
9.206715,1.5577134,Burmese
15.642741,10.823831,Lamet
8.492944,-0.3843169,Mogh
12.900921,6.027812,Teda
8.898636,0.26036197,Hill Bhuiya
9.748941,0.20511216,Akha
12.03981,4.76485,Muong
15.640422,0.7282477,Huichol
1.1327218,4.0653925,Chichimeca
9.541413,-8.672286,Delim
9.539552,-8.673738,Regeibat
11.772872,5.3320227,Bhil
15.4645195,3.806388,Baiga
10.362546,2.46508,Ho
11.821439,5.2162623,Kol
8.899805,0.31853092,Maras
10.004374,1.8846166,Chin
11.363978,-1.1005977,Tao
1.9880798,3.5242348,Paiwan
11.686676,5.9466324,Ami
13.839212,1.3985823,Tuareg Ahaggar
8.616371,-7.5047975,Barabra
11.8567295,5.2762694,Kurukh
8.49337,-2.1293314,Bengali
9.373176,0.64553636,Chakma
10.025969,2.0138588,Kuki
15.51843,6.45873,Cantonese
1.1683974,4.0100656,Puyuma
8.632176,-7.4892836,Ababda
11.823649,5.200856,Santal
11.842221,5.1061616,Min Chinese
1.821706,3.6052096,Atayal
11.817172,5.518086,Bunun
9.609149,-8.761692,Egyptians
11.086151,3.452752,Sindhi
15.641395,10.762236,Aimol
15.628651,10.791012,Purum
8.271353,0.05410499,Garo
8.933855,-1.8474584,Khasi
15.5648155,10.881316,Rengma
15.596746,10.847677,Sema
15.652293,10.557467,Kachin
11.058364,3.4385238,Minchia
8.3493,-1.0032083,Miao
10.07303,0.301653,Okinawans
11.084974,0.5120585,Seminole
9.527231,-2.2439368,Ao
15.722355,10.651342,Lhota
12.383799,4.2009115,Yaqui
8.985332,1.1785975,Tarahumara
8.828841,-7.3952875,Mutair
9.925213,1.8365695,Magar
10.054263,0.8503713,Sherpa
11.746979,5.3369517,Lepcha
10.008063,1.7735175,Adi
12.440983,4.179907,Seri
11.026416,3.4265194,Siwans
8.741586,-0.027909761,Lolo
11.682929,-1.1921604,Lipan Apache
8.661685,-7.3082023,Hamama
8.85123,-7.349201,Saadi
8.836539,-7.382931,Basseri
9.629211,-8.756356,Marri
7.8045473,-3.1437626,Indo-Iranian
12.103297,4.7273693,Pahari
11.213113,0.45606774,Central Tibetans
9.279096,0.42489883,Kiliwa
13.508102,4.808946,Tohono O'odham
12.468327,4.214503,Pima
0.85361576,6.905437,Chiricahua
1.1357535,4.010474,Hasinai
9.71675,-8.833111,Algerians
9.842311,-8.954983,Madan
8.422506,0.63109213,Chekiang
16.24543,5.293668,Kumeyaay
9.460276,0.69424444,Cocopa
13.562094,4.756712,Natchez
9.574649,-8.696905,Hebrews
8.755005,-7.4727626,Jordanians
8.847978,-7.3357787,Kurd
9.744481,-8.859738,Punjabi
9.75957,-8.875015,Druze
9.757802,0.30038124,Cupeño
16.52236,5.2324452,Luiseño
12.213107,4.563062,Cahuilla (Desert)
9.966053,0.27077353,Kamia
9.730603,0.3579284,Quechan
9.982139,0.36671004,Maricopa
13.596927,4.826237,Mescalero
2.6166127,4.1104064,Comanche
12.416999,4.2464676,Caddo
8.255435,1.3581741,Choctaw
9.040834,-2.1186483,Muscogee
8.757848,-7.4141326,Beraber
9.643078,-8.766671,Rwala
9.788687,0.21986203,Tongva
16.762764,5.66915,Serrano
15.859526,1.1006638,Tolkepaya
3.093113,4.9565635,Kewyipaya
11.699885,5.959928,Western Apache
0.7380484,7.010262,Wichita
10.19483,0.31977057,Lebanese
11.03798,3.424515,Moghol
10.990523,3.3684838,Kashmiri
3.0680783,5.00813,Chemehuevi
3.095929,4.946498,Mojave
15.352788,0.2514676,Yavapai
9.011506,-2.0594852,Zuni
2.7581685,4.5203657,Acoma
8.255844,1.5157138,Isleta
8.410759,1.4236232,Laguna
1.312602,6.5529175,Santa Ana
8.1402,1.3900073,Chickasaw
11.174817,0.42180693,Riffians
8.673963,-7.4166894,Hamyan
8.813842,-7.390443,Nail
9.608465,-8.738355,Hazara
8.711653,-7.4331903,Yusufzai
6.9091067,-1.3949221,Shina
11.349333,0.4810601,Japanese
8.082536,-2.9066467,Northern Foothill Yokuts
9.846607,0.22762011,Southern Valley Yokuts
12.306733,4.405727,Wukchumni
11.519647,-1.2470952,Koso
15.221328,0.30245233,Shivwits
11.645864,-1.1884465,Tümpisa Shoshone (Saline and Panamint)
3.1578789,5.0154433,Southern Paiute (Las Vegas)
15.692352,0.7175118,Hualapai
11.504357,-1.1295487,Southern Paiute (Kaibab)
11.524437,-1.4203879,Havasupai
11.728033,6.0035887,Hano
8.055123,1.2734709,Hopi
8.192966,1.561814,Jemez
8.222927,1.5224884,Sia
11.592697,5.891905,Cochiti
8.239093,1.5391551,Picuris
8.263616,1.4781059,San Ildefonso
8.3007965,1.4114798,Santa Clara
1.2694968,6.522559,Kewa
13.605327,4.7795057,Jicarilla
0.9074984,6.8471518,Kiowa
2.2772589,3.854605,Kiowa Apache
11.65288,5.9570932,Cherokee
11.086182,3.5486715,Kabyle
8.678016,-7.403037,Shawiya
9.529013,-8.661115,Syrians
8.611196,-7.5025983,Iranians
15.613552,4.9725194,Nuristani
9.820242,0.31210926,Western Mono
15.719472,0.7406056,Eastern Mono
15.253155,0.35313782,Tunava (Deep Springs and Fish Lake)
3.0872786,4.9581513,Beatty
15.100353,4.9240603,Navajo
8.274313,1.5336981,Taos
12.317553,4.5007567,Shawnee
9.173741,1.7604467,Spaniards
8.844096,-7.280379,Tunisians
12.342266,4.485242,Burusho
15.341432,6.534465,Shantung
14.757483,5.0804696,Central Sierra Miwok
1.10133,4.017892,Southern Ute
11.026154,3.3760188,Turks
9.559283,-2.027931,Koreans
1.3106632,6.485766,Wappo
12.394844,4.2523947,Southern Pomo
1.2479289,6.5362034,Eastern Pomo
12.344635,4.153605,Huchnom
15.76527,0.88263977,Northern Pomo
9.708683,0.25790468,Nomlaki
15.726169,0.7997622,Patwin
15.321877,0.28517988,Nisenan
15.234697,0.30928162,Washo
1.8662854,3.4624295,Tübalulabal
15.008419,0.4775466,Mahaguaduka
11.532029,-1.1318328,Wiyambituka
3.1026175,4.9700894,Railroad Valley Shoshoni
2.4484868,4.9306445,Ely Shoshoni
2.3162274,3.8302224,Cheyenne
11.30169,-1.3082763,Greeks
11.8727865,5.2510357,Tu
15.796623,0.92779225,Coast Yuki
15.77242,0.83275014,Sinkyone
0.58677185,7.005969,Wiyot
15.077554,0.43781802,Lassik
11.409212,-1.2926362,Yuki
0.6412221,7.0802503,Maidu
11.702099,-1.1511257,Kuyuidokado
3.080441,4.9574456,Spring Valley Shoshoni
1.6783783,5.070484,Gosiute
11.676651,-1.1494287,Tubaduka
1.1057978,3.982442,Uintah Ute
10.738648,-1.9798204,Arapaho
2.026219,3.6557608,Armenians
2.02366,3.4530122,Mattole-Bear River
8.363342,1.5485734,Neapolitans
0.5495012,7.022971,Yurok
1.2658477,6.5435653,Chimariko
0.55152255,7.041179,Hupa
0.46486124,6.483836,Shasta
2.2271643,3.462421,Wintu
12.352618,4.31653,Yana
15.871044,0.9997509,Achumawi
13.441708,4.9996567,Atsugewi
1.1208808,4.13864,White Knife Shoshoni
15.017327,0.4793894,Elko Shoshoni
15.040688,0.5397571,Wadaduka
9.847216,-1.9757231,Omaha
8.696049,0.21171935,Chahar
15.581854,3.9241667,Tolowa
15.69358,10.484958,Tututni
0.41310266,6.4565144,Karuk
13.250093,4.930037,Takelma
15.71607,0.7433499,Modoc
15.887834,1.0958046,Kidutokado
1.1218145,3.9919991,Yahanduka
1.0933307,6.8388095,Hukundika
7.152931,-1.6492054,Pawnee
9.043278,1.6290022,New Englanders
11.15869,-0.77374,Portuguese
9.309058,1.8180395,Ancient Romans
13.686377,3.3298743,Gheg
2.4245539,3.7993844,Coos
0.61857367,6.426425,Klamath
15.31669,0.24991053,Wadadokado
1.2079104,3.9779265,Bannock
2.8875864,4.8331313,Bohogue
12.271881,4.397658,Wind River Eastern Shoshone
0.57273495,7.0973845,Teton
16.053955,5.1729965,Kickapoo
11.193524,0.44329146,Ossetians
9.344531,0.3194075,Khevsur
8.400461,1.3643595,Mari
0.41144842,6.529709,Alsea
0.41058472,6.4726744,Siuslaw
10.821529,-1.1844655,Agaiduka
15.292869,0.26172253,Tukudika
11.905544,5.2479005,Ho Chunk
9.015229,-2.1075008,Huron
1.860772,3.2347946,Ainu
0.5653115,7.067215,Tillamook
2.4579065,3.8165803,Tenino
2.092283,3.4861104,Nez Perce
13.404309,4.962185,Crow
15.011304,0.54196924,Fox
10.573798,-0.6535313,Plains Cree
14.992595,0.51069325,Penobscot
8.392017,1.3710699,Romanians
8.760269,0.21772441,Manchu
11.606254,5.8673844,Gagauz
1.1255803,3.9958503,Klikitat
0.8474603,6.809707,Wishram
11.158991,-1.6961564,Umatilla
0.86038625,6.8956227,Bitterroot Salish
11.983672,3.8908215,Katikitegon
14.668158,5.0365324,Menominee
13.99993,1.4297912,Eastern Ojibwa
9.764434,0.3690232,Kalmyk
9.27732,0.7090563,Khalka
2.3107524,3.746429,Puyallup
15.033038,5.0098605,Hidatsa
15.193501,4.9093165,Mandan
8.587894,1.5045251,French Canadians
10.838265,-1.1725218,Mi'kmaq
11.223723,-1.5411639,Magyar
9.071532,-0.660485,Udihe
0.64959013,6.310192,Quinault
10.963507,-1.738438,Quileute
13.354875,4.986134,Klallam
10.994454,-1.562608,Twana
11.4966545,-1.1161503,Wenatchi
11.435201,-1.2815354,Sanpoil
13.53627,4.846602,Coeur d’Alene
0.5554403,7.056653,Assiniboine
8.947837,-0.5730262,Montagnais
11.197559,-1.5279413,Ukrainians
16.746052,5.6488585,Kazakh
12.412021,4.0762515,Makah
0.607548,7.0940814,Gros Ventre
2.4344473,3.7802415,Lummi
0.7705202,6.881908,Stó:lō
15.818203,0.99531674,Sinkaitk
0.9410123,6.808083,Kalispel
13.464433,4.920245,Piegan
13.339735,2.80778,Minnesota Ojibwa
13.947673,1.799604,Rainy River Ojibwe
12.05132,4.7878714,Dagur
2.4714172,3.854159,Cowichan
0.55937433,6.3650103,Nuu chah nulth
2.5272458,3.8959863,Comox
10.918931,-1.7435808,Squamish
0.8485692,6.8788815,Nlaka'pamux
15.290186,0.25504842,Kutenai
11.308818,-1.3672196,Czechs
8.943216,-0.8325577,Ulch
0.8476947,7.021481,Lillooet
0.5458557,6.353296,Kwakwaka'wakw
2.4229033,3.8757863,Klahoose
13.181402,4.6418414,Shuswap
13.466252,4.904822,Kainai
2.4655197,3.8340664,Blackfoot
1.1017513,6.0886707,Eastern Cree
8.925634,-0.8049528,Oroch
1.7749853,5.029989,Mistissini Cree
1.0169624,6.214274,Heiltsuk
0.8895676,6.7056165,Nuxalk
0.5920912,6.4274154,Chilcotin
1.6357328,5.2454853,Northern Saulteaux
9.404042,0.09242721,Pekangekum
8.8159,0.14235654,Buryat
9.054026,-0.63433796,Negidal
15.906775,1.0719538,Alkatcho
14.070908,1.382626,Attawapiskat Cree
11.33653,-1.3945252,Irish
1.327057,6.1434035,Dutch
11.056966,-1.194947,Erzya Mordvins
15.545733,10.877698,Nivkh
8.628393,-7.18015,Aleut
8.730225,0.07770582,Haida
13.999742,2.5074387,Dakelh
13.397845,4.5858035,Sarcee
10.780155,-1.4063435,Bashkir
8.911799,-0.829747,Orok
7.991265,-0.10171779,Tsimshian
12.249128,3.6956382,Itelmen
1.9218956,3.2412374,Lithuanian Tatar
12.45576,4.046904,Lithuanians
3.1787918,4.8863087,Byelorussians
10.787429,-1.1831161,Kazan tatar
9.133407,-0.61135054,Evenk
11.146148,-1.2563854,Livs
11.027614,-1.8387023,Chuvash
15.101548,0.57633275,Udmurt
1.6908174,5.241185,Naskapi
15.443858,6.853645,Tlingit
15.624607,10.827183,Kaska
11.13938,-1.2264646,Ingrians
11.382297,-1.1373267,Votes
11.323019,3.5244164,Nunivak
11.462443,-1.139323,Dene
15.066406,3.4505937,Eyak
15.873738,1.0793209,DeneTha
15.061735,0.48397532,Koryak
1.0916122,3.9494205,Deg Xit'an
13.319994,4.662823,Dena'ina
15.288915,0.27029446,Nunavimmiut
9.371349,0.75607556,Ob Ostyak
14.039765,1.47201,Nabesna
2.9664037,4.7754354,Caribou Inuit
10.83467,-1.759818,Mansi
11.296138,0.43183357,Sivokakmeit
10.124269,-1.0731313,Ungazikmit
15.466401,6.495366,Yakut
15.360553,0.29447213,Kutchin
1.9470115,3.717958,Tasiilaq
15.10681,0.7521353,Chukchi
14.940061,0.5364833,Nunamiut
2.2729106,3.3727698,Sami
15.387797,6.664477,Yurak-Samoyeds
8.643502,1.4621394,Copper Inuit
1.1583636,6.114583,Netsilik
0.6506357,6.2725744,Iglulik Inuit
15.08338,0.4683341,Yukaghir
1.2739012,6.6300125,Tareumiut
10.166533,-1.1961025,Nganasan
